A ceremony of carols,Britten,,,SATB,TRUE,Christmas,,Shelf,
A child is born,Scheidt,,Willcocks,SATB,FALSE,Christmas,,Cab 1 C14,
A child is born,Scheidt,,GAG,SATB,FALSE,Christmas,,Cab 1 C14,
A Clare benediction,Rutter,John,,S(A)(Men),TRUE,,,Shelf,FA1
A cradle hymn,Lang,,,SATB,TRUE,Christmas,,Cab 2 C50,
A Gaelic blessing,Rutter,John,,SSA,TRUE,,,Shelf,EAC2
A Gaelic Blessing,Rutter,John,,V1(2),TRUE,,,Shelf,EFA
A gift from heaven above,Sanders,John,,SATB,TRUE,,,Shelf,SWAMS
A hymn to the mother of God,Tavener,John,,SSAATTBB,FALSE,,,Shelf,EAC1
A hymn to the trinity,Leighton,Kenneth,,SATB,TRUE,,,Shelf,AC420th
A hymn to the virgin,Britten,,,SATB,TRUE,,,Cab 2 C60,
A Litany,Walton,William,,SATB,FALSE,,,Shelf,AC420th
A merry christmas,Warrell,,,SATB,TRUE,,,Cab 2 C51,
A new commandment,Shephard,,,SATB,TRUE,,,Shelf,AWTEFC
A new commandment,Hubbard,Richard,,V1(2),TRUE,,,Shelf,EFA
A new commandment,Shephard,Richard,,SATB,FALSE,,,Shelf,KoGKoP
A new commandment,Wright,Leddington,,SATB,TRUE,,,Shelf,SWAMS
A prayer for peace,Lord,David,,SATB,FALSE,,,Shelf,AC420th
A prayer of St Richard of Chichester,White,L J,Alan Bullard,SS(A)(T)(B),TRUE,,,Shelf,FA1
A prayer of St Richard of Chichester,White,,,SATB,TRUE,,,Cab 2 42,
A prayer to St Columba s,McDowall,Cecilia,,S(A)(Men),TRUE,,,Shelf,EFA
A prayer to St Columba s,McDowall,,,S(A)(Men),TRUE,,,Shelf,EFA
A pure river of water life,Ridout,Alan,,SATB,TRUE,,,Shelf,AC420th
A sette of carols,Ball,Thalben,,SATB,TRUE,,,Cab 1 C15,
A song of praise,Wills,Arthur,,SS,TRUE,,,Shelf,AUPS2
A song of St Francis,Hurd,Michael,,SSA,FALSE,,,Shelf,EAC2
A sound of angels,Tye,Christopher,,SATB,FALSE,,,Shelf,AFC1
A spotless rose,Howells,,,SATB,TRUE,,,Cab 2 C52,
A touching place,Trad,,,SATB,TRUE,,,Cab 4 6,
A virgin unspotted,Trad,,,SATB,TRUE,,,Cab 1 C13,
Abendlied,Rheinberger,Josef,,SSATTB,FALSE,,,Shelf,ESM
Abide with me,Bennett,,,SATB,TRUE,,,Shelf,CAB
Achieved is the glorious work,Haydn,,,SATB,TRUE,,,Shelf,FSB9
Adam lay y bounden,Warlock,,,SATB,TRUE,Christmas,,Cab 1 C10,
Adam lay y bounden,Ord,Boris,,SATB,FALSE,Christmas,,Cab 1 C22,
Adoramus te christe,Lassus,,,SATB,FALSE,,,Shelf,AWTEFC
"Adoramus te, Christe",Lassus,Orlande,,SATB,FALSE,,,Shelf,ESM
Agnus dei,Morley,,,SATB,FALSE,,,Cab 2 41,
Agnus dei and sanctus,Dexter,,,SATB,TRUE,,,Cab 1 55,
Ah Lord when my last end,Bach,,,SATB,TRUE,,,Cab 2 31,
"Ah, thou poor world",Brahms,Johannes,,SATB,FALSE,,,Shelf,AFC1
Alas that spring should vanish,Hay,,,SATB,TRUE,,,Cab 1 C41,
Alive in me,Hewitt Jones,Thomas,,S(A)(TB),TRUE,,,Shelf,EFA
All creatures of our God and king,Harris,,,SATB,TRUE,,,Shelf,CB10
All glory laud and honour,Bach,,,SATB,TRUE,,,Shelf,CAB
All glory laud and honour,Bach,,,SATB,TRUE,,,Cab 1 24,
All people that on earth do dwell,Tallis,Thomas,,SATB,TRUE,,,Shelf,AFC1
All people that on earth dwell,Vaughan Williams,,,SATB,TRUE,,,Cab 1 62,
All praise to him who came to save,Wagner,,,SATB,TRUE,,,Shelf,CAB
All saints introit,tone VII,,,SATB,FALSE,,,Cab 1 55A,
All the creatures of the wild,Bates,Carol,,SATB,TRUE,,,Cab 1 123,
All through the night,How,Martin,,SATB,TRUE,,,Shelf,7WD
All through the night,-,,Northcote Sydney,SATB,TRUE,,,Cab 1 119,
Alleluia,Boyce,William,,V12(3),TRUE,,,Shelf,FA1
Alleluia,Duncan,,,SATB,TRUE,,,Cab 2 12A,
Alleluia Christus surexit,Anerio,,,SATB,FALSE,,,Shelf,AWTEFC
Alleluia I,Byrd,William,,V1(2)(3),FALSE,,,Shelf,EFA
Alleluia II,Byrd,William,,V1(2)(3)(4)(5),FALSE,,,Shelf,EFA
Alleluyas of St James,French Melody,,Greening,SATB,TRUE,,,Shelf,12EA
Almighty and everlasting God,Gibbons,Orlando,,SATB,FALSE,,,Shelf,CAB
Almighty and everlasting God,Gibbons,Orlando,,SATB,FALSE,,,Cab 2 81,
Almighty God who hast me bought,Ford,,,SATB,TRUE,,,Shelf,CAB
"Almighty God, the fountain of all wisdom",Farrar,Ernest,,SATB,TRUE,,,Shelf,AFC1
"Almighty God, who hast me brought",Ford,Thomas,,SATB,FALSE,,,Shelf,AFC1
Amens,Taize,,,SATB,TRUE,,,Cab 1 87,
An Easter Greeting,How,Martin,,S (div),TRUE,Easter,,Shelf,EAC2
An ode on the birth of our saviour,Nicholson,,,SATB,TRUE,,,Shelf,SNCB
And art thou come with us to dwells,Bullard,Alan,,V12,TRUE,,,Shelf,EFA
And I saw a new heaven,Bainton,,,SATB,TRUE,,,Cab 3 35,
And I saw another angel,Stanford,,,SATB,TRUE,,,Cab 2 44,
And the glory of the Lord,Handel,,,SATB,TRUE,,,Cab 1 71,
Angels from the realms of glory,-,,OBC,SATB,TRUE,,,Cab 1 C37,
Angelus,Mathias,William,,SSAA,TRUE,Marian,,Shelf,EAC2
Angelus ad virginum,Anon,,,SATB,TRUE,,,Cab 1 C1,
As now the sun's declining rays,Stanford,,,SATB,TRUE,,,Shelf,FSB5
Ash Wednesday introit,tone VII,,,SATB,FALSE,,,Cab 2 17A,
At thy feet,Bach,,,SATB,TRUE,,,Shelf,CSB3
At your feet we fall,Fellingham,Dave,,SATB,TRUE,,,Shelf,SWAMS
Australian carols,?,,,SATB,TRUE,,,Shelf,
Author of life divine,McDowall,Cecilia,,SA(T)(B),TRUE,,,Shelf,FA1
Ave Maria,Lindley,Simon,,SS,TRUE,Marian,,Shelf,EAC2
Ave maria,Bullard,Alan,,S(A)(T)(B),TRUE,,,Shelf,EFA
Ave maria,Bruckner,Anton,,SATB (div),FALSE,,,Shelf,ESM
Ave maria,Desprez,Josquin,,SATB,FALSE,,,Shelf,ESM
Ave maria,Stravinsky,Igor,,SATB,FALSE,,,Shelf,ESM
Ave maria,Verdi,Giuseppe,,SATB,FALSE,,,Shelf,ESM
Ave maria,Victoria,,,SATB,FALSE,,,Shelf,ESM
Ave maria,Poulenc,,,SATB,TRUE,,,Cab 1 31,
Ave maria,Lindley,Simon,,SATB,TRUE,,,Cab 1 65,
Ave maria,Franck,,,SATB,TRUE,,,Cab 2 19A,
Ave maris stella,Grieg,Edvard,,SATB (div),FALSE,,,Shelf,ESM
Ave verum,Adap from plainchant,,,SATB,TRUE,,,Shelf,12EA
Ave verum,Peeters,,,SATB,TRUE,,,Shelf,AWTEFC
Ave verum,Mozart,,,SATB,TRUE,,,Shelf,COC
Ave verum,Byrd,,,SATB,FALSE,,,Shelf,MFHC
Ave verum,Vittoria,,,SATB,FALSE,,,Shelf,MFHC
Ave verum,Byrd,,,SATB,FALSE,,,Cab 2 45,
Ave verum,Carissimi,,,SATB,FALSE,,,Cab 1 53,
Ave verum,Elgar,,,SATB,TRUE,,,Cab 1 19,
Ave verum,Faure,,,SATB,TRUE,,,Cab 1 112,
Ave verum,Mozart,,,SATB,TRUE,,,Cab 1 103,
Ave verum corpus,Wills,Arthur,,SS,TRUE,,,Shelf,EAC2
Ave verum corpus,Mozart,Wolfgang,,S(A)(T)(B),TRUE,,,Shelf,EFA
Ave verum corpus,Lassus,Orlande,,SSATTB,FALSE,,,Shelf,ESM
Ave verum corpus,Mozart,,,SATB,TRUE,,,Shelf,ESM
Ave virgo sanctissima,Guerrero,Francisco,,SSATB,FALSE,,,Shelf,ESM
Awake us Lord and hasten,Bach,,,SATB,TRUE,,,Shelf,AFC1
Awake us O Lord and hasten,Bach,,,SATB,TRUE,,,Cab 2 22,
Aware my soul,Bach,,,SATB,TRUE,,,Shelf,TGOL
Banish fear and sadness,Bach,,,SATB,TRUE,,,Shelf,CAB
Be glad in the Lord and rejoice,Pascoe,Russell,,V1(2),TRUE,,,Shelf,EFA
Be still and know that I am God,Anon,,How Martin,SATB,TRUE,,,Shelf,SWAMS
Be still for the presence of the Lord,Evans,David,Shephard  Richard,SA(Men),TRUE,,,Shelf,FA1
Be still for the presence of the Lord,Evans,Dave,,SATB,TRUE,,,Shelf,SWAMS
Be strong and of good courage,Cambell,Sidney,,SATB,TRUE,,,Shelf,FSB7
Be strong in the Lord,Nicholson,,,SATB,TRUE,,,Shelf,AUPS1
Be thou my vision,Chilcott,Bob,,V1(2),TRUE,,,Shelf,EFA
Beati quorum via,Stanford,,,SATB,TRUE,,,Cab 2 46,
Beato mundo corde,Ives,Grayston,,SATB,TRUE,,,Shelf,SHSJ
Beatus vir,Monteverdi,Claudio,,SSATTB,TRUE,,,Shelf,ESM
Before the ending of the day,Andrew,Kerry,,S(A)(TB),TRUE,,,Shelf,EFA
Behold now praise the Lord,Wills,Arthur,,SATB,TRUE,,,Shelf,CSB5
Behold the great creator,15th century English Carol,,A Baldwin,SATB,TRUE,,,Cab 2 C99,
Behold the tabernacle,Harris,,,SATB,TRUE,,,Cab 1 42,
"Behold, how good and joyful",Clarke-Whitfield,John,,SATB,TRUE,,,Shelf,AFC1
Benedicte,Lloyd,,,SATB,TRUE,,,Cab 2 9A,
Benedicte (Bb),Sumsion,,,SATB,TRUE,,,Shelf,RSCM fest 1995
Benedictus in C,Stanford,Charles,,SATB,TRUE,,,Shelf,SHSJ
"Bethlehem , of noblest cities",Bullard,Alan,,S(A)(T)(B),TRUE,,,Shelf,EFA
Bind us together Lord,Gilman,Bernard,,SATB,TRUE,,,Shelf,SWAMS
Bless the Lord all his angels,Frith,Michael,,SATB,TRUE,,,Shelf,FSB7
Blessed are the pure in heart,Davies,Walford,,SATB,TRUE,,,Shelf,CAB
Blessed are the pure in heart,Davies,Walford,,SATB,TRUE,,,Cab 1 84,
Blessed are they that mourn,Brahms,,,SATB,TRUE,,,Shelf,CAB
Blessed be the God,,,,SATB,TRUE,,,Shelf,CAB
Blessed be the God,Wesley,,,SATB,TRUE,,,Cab 1 25,
"Blessed City ,heavenly salem",Bairstow,Edward,,SATB,TRUE,,,Shelf,E&EL2017
Blessed word of God incarnate,Pearsall,,,SATB,FALSE,,,Shelf,MFHC
Blest are the departed GL,Spohr,,,SATB,TRUE,,,Cab 1 81,
Blest are the pure in heart,Baldwyn,Antony,,Unison,TRUE,,,Shelf,EFA
Blest withouten match,-,,Woodward GR,SATB,TRUE,,,Cab 2 C56,
Bogoroditsye dyevo,Rachmaninov,Sergei,,SATB (div),FALSE,,,Shelf,ESM
Bow down thine ear O Lord,Arensky,,,SATB,TRUE,,,Shelf,CAB
Bread of the World,Trad,,Bullard Alan,S(A)(T)(B),TRUE,,,Shelf,FA1
Break forth O beuteous heavenly light,Bach,,,SATB,TRUE,,,Shelf,FSB3
Break forth O beuteous heavenly light,Bach,,,SATB,TRUE,,,Cab 2 C53,
Breathe on me,Statham,Heathcote,,SATB,FALSE,,,Cab 1 52,
Brightest and best of the sons of the morning,Archer,Malcolm,,C,TRUE,,,Shelf,FA1
Broken for me broken for you,Lunt,Janet,,SATB,TRUE,,,Shelf,SWAMS
Broken for me broken for you,Sanders,John,,SATB,TRUE,,,Shelf,SWAMS
Brother Jame's Air,Bain,James,Mack Wilberg,S(A)(T)(B) or TB,TRUE,,,Shelf,EFA
Brother Jame's Air,Bain,,Jacob Gordon,SATB,TRUE,,,Shelf,KoGKoP
Brother James air,Marosa,,,SATB,TRUE,,,Cab 1 4,
But thou didst not leave,Handel,,,SATB,TRUE,,,Shelf,AUPS1
By the grace of the spirit,Gant,,,SATB,TRUE,,,Cab 2 95,
By the waters of Babylon,Mawsby,,,SATB,TRUE,,,Shelf,AUPS1
Call to remembrance,Farrant,,,SATB,FALSE,,,Shelf,CAB
Call to remembrance,Farrant,,,SATB,FALSE,,,Cab 1 46,
Calmy trust the Lord,How,,,SATB,TRUE,,,Cab 1 58,
Cantate domino,Pitoni,Giuseppe,,SATB,FALSE,,,Shelf,AFC1
Cantate domino,Monteverdi,Claudio,,SSATTB,TRUE,,,Shelf,ESM
Cantate domino,Pitomi,Guissepe,,SATB,FALSE,,,Shelf,KoGKoP
Cantate domino,Dering,Richard,,SATB,FALSE,,,Shelf,Three latin anthems
Cantate domino,Schutz,,,SATB,FALSE,,,Cab 2 47,
Canticle of Praise,Maulkin/Harper,,,Unison,TRUE,,,Shelf,E&EL2017
Cantique de Jean Rancine,Faure,Gabriel,,SATB,TRUE,,,Shelf,ESM
Captains of the saintly bands,Nicholson,Sidney,,SATB,TRUE,,,Shelf,CSB3
Carol of the atonement,Trad,,,SATB,TRUE,,,Shelf,12EA
Cast thy burden upon the Lord,Mendelssohn,,,SATB,TRUE,,,Shelf,CAB
Christ being raised,Cook,,,SATB,TRUE,,,Cab 1 63,
Christ is at thy portals,-,,Woodward GR,SATB,TRUE,,,Cab 2 C56,
Christ is the world's true light,Kendall Stanton,Walter,,V1(2),TRUE,,,Shelf,FA1
Christ the Lord is ris'n again,Shephard,Richard,,S(A)(Men),TRUE,,,Shelf,FA1
Christ the Lord is risen,Rutter,,,SATB,TRUE,,,Shelf,AWTEFC
Christ the Lord is risen again,Rutter,John,,SATB,TRUE,,,Shelf,AC420th
Christ the Lord is risen again,Smith,Alan,,V1(2),TRUE,,,Shelf,EFA
Christ was born,Terry,,,SATB,TRUE,,,Cab 1 41,
Christ whose glory,Knight,Gerald,,SATB,TRUE,,,Shelf,CSB3
Christ whose glory fills the skies,Armstrong,,,SATB,TRUE,,,Shelf,CAB
Christe adoramus te,Monteverdi,,,SATB,FALSE,,,Cab 2 48,
"Christe, adoramus te",Monteverdi,Claudio,,SSATB,TRUE,,,Shelf,ESM
Christians shout for joy and gladness,Bach,Johann,Bullard Alan,S(A)(T)(B),TRUE,,,Shelf,FA1
Christus factus est,Anerio,,,SATB,FALSE,,,Shelf,AWTEFC
Christus factus est,Anerio,Felicio,,SATB,FALSE,,,Shelf,ESM
Christus factus est,Bruckner,Anton,,SATB,FALSE,,,Shelf,ESM
Christus factus est,Bruckner,,,SATB,FALSE,,,Cab 2 49,
Citivatis sacti tui,Byrd,,,SATB,FALSE,,,Shelf,AWTEFC
Come and see the Christ child,Burrell,,,SATB,TRUE,,,Cab 2 C102,
Come and thank him,Bach,,,SATB,TRUE,,,Cab 1 105,
Come down O love divine,Harris,,,SATB,TRUE,,,Shelf,FSB9
"Come down, O love divine",Tadman-Robins,Hilary,,SA(T)(B),TRUE,,,Shelf,FA1
Come holy ghost,Attwood,,,SATB,TRUE,,,Shelf,CAB
Come holy ghost,Attwood,,,SATB,TRUE,,,Shelf,FSB3
Come holy ghost,Attwood,,,SATB,TRUE,,,Cab 1 10,
Come Holy Ghost our souls inspire,Burrell,Diana,,SATB,TRUE,,,Shelf,EAC1
Come let us all this day,Bach,,,SATB,TRUE,,,Shelf,AUPS1
Come lets rejoice,Amner,,,SATB,TRUE,,,Shelf,FSB7
Come Lord Jesus,Tarney,Oliver,,S(A)(Men),TRUE,,,Shelf,EFA
Come my way,Harris,,,SATB,TRUE,,,Shelf,SNCB
Come my way,Tomblings,,,SATB,TRUE,,,Cab 1 67,
Come my way,Baldwin,,,SATB,TRUE,,,Cab 1 67,
Come O creator spirit,Noble,,,SATB,TRUE,,,Shelf,CAB
Come O creator spirit,Noble,,,SATB,TRUE,,,Cab 1 26,
Come oh come our voices raise,Archer,Malcolm,,S(A)(Men),TRUE,,,Shelf,EFA
Come out Lazar,Spicer,Paul,,SATB,TRUE,,,Shelf,EAC1
Come risen Lord,Gibbons,Orlando,,SATB,FALSE,,,Shelf,MFHC
Come thou holy paraclete,Ley,,,SATB,TRUE,,,Shelf,CAB
Come thou holy spirit come,Ley,,,SATB,TRUE,,,Shelf,CAB
Come thou holy spirit come,Mode I melody,,,SATB,FALSE,,,Shelf,TGOL
Come thou holy spirit come,Ley,,,SATB,TRUE,,,Cab 1 97,
Come thou lone expected,Ley,,,SATB,TRUE,,,Cab 1 16,
Come to the manger,Trad,,,SATB,TRUE,,,Cab 2 C101,
Come with us,Bach,,,SATB,TRUE,,,Shelf,MFHC
Come with us,Stainer,,,SATB,TRUE,,,Cab 2 C54,
Come ye faithful,Thatcher,R S,,S(A)(Men),TRUE,,,Shelf,EFA
"Come, Holy Spirit, creator bless",9th Century Office Hymn,,Michael Bedford,S(A)(Men),TRUE,,,Shelf,EFA
Comfort O Lord,Crotch,,,SATB,TRUE,,,Shelf,CAB
Comfort O Lord,Crotch,,,SATB,TRUE,,,Cab 1 66,
Communion service in C,Wills,,,SATB,TRUE,,,Shelf,
Communion service in E flat,White,,,Unison,TRUE,,,Cab 4,
Communion service in F,Harris,,,SATB,TRUE,,,Shelf,
Communion service in F minor,Darke,,,SATB,TRUE,,,Shelf,
Compline,-,,,SATB,TRUE,,,Shelf,
Confitemi,Constantine,,,SATB,FALSE,,,Cab 1 54,
Coventry carol,?,,,SATB,TRUE,,,Cab 1 C24,
Coventry carol,Stainer,,,SATB,TRUE,,,Cab 1 C24,
Coventry mass,-,,Knight Gerald,SATB,TRUE,,,Shelf,MFHC
Creator of the stars of night,Anon,,Scott John,S(A)(Men),TRUE,,,Shelf,FA1
Crown of roses,Tschaikowsky,,,SATB,FALSE,,,Cab 2 C38,
Crucifixus a 8,Lotti,Antonio,,SSAATTBB,TRUE,,,Shelf,ESM
Crux fidelis,John IV of Portugal,,,SATB,FALSE,,,Shelf,AWTEFC
Crux fidelis,John IV of Portugal,,,SATB,FALSE,,,Shelf,ESM
Darkening night the land,Ley,,,SATB,TRUE,,,Shelf,CAB
Daughters of Sion,Mendelssohn,,,SATB,TRUE,,,Shelf,CAB
Day by day,Warren,,,SATB,TRUE,,,Shelf,SWAMS
Day by day,How,,,SATB,TRUE,,,Cab 1 60,
Dear Lord and father,Parry,,,SATB,TRUE,,,Cab 2 5A,
Declare his honour,Purcell,,,SATB,TRUE,,,Shelf,CAB
Defend us O Lord,How,,,SATB,TRUE,,,Cab 1 58,
Deliver us O Lord,Batten,,,SATB,TRUE,,,Cab 1 64,
Deus miseratur,Schutz,,,SATB,TRUE,,,Cab 2 50,
Ding dong merrily,French,,Wood Charles,SATB,TRUE,,,Cab 2 C56,
Dixit maria,Hassler,Hans,,SATB,FALSE,,,Shelf,ESM
Dona nobis pacem,Anon,,,SATB,TRUE,,,Cab 1 76A,
Dostoino yest,Tchaikovsky,,,SATB,FALSE,,,Shelf,ESM
Drop drop slow tears,Walton,,,SATB,TRUE,,,Shelf,AWTEFC
Drop drop slow tears,Andrew,Keith,,V12(men),TRUE,,,Shelf,FA1
Easter alleluias,?,,,SATB,TRUE,,,Shelf,AWTEFC
Easter anthems,Scott,,,SATB,TRUE,Easter,,Shelf,AWTEFC
Easter eggs,Trad,,,SATB,FALSE,Easter,,Cab 1 7,
Eastern monarchs,Lang,,,SATB,TRUE,,,Shelf,FSB3
Ecce quomodo moritur justus,Handl,,,SATB,TRUE,,,Shelf,AWTEFC
Echo carol,Wilby,,,SATB,TRUE,Christmas,,Cab 1 C43,
"Eheu, sustulerant",Morley,,,SATB,TRUE,,,Shelf,AWTEFC
Enter not into judgement,Attwood,,,SATB,FALSE,,,Cab 2 80,
Eternal father who didst all create,Gholst,,,SATB,TRUE,,,Shelf,CAB
Evening hymn,Gardiner,Balfour,,SATB,TRUE,,,Cab 3 25,
Evening hymn of King Charles,Ley,,,SATB,TRUE,,,Cab 1 2A,
Evening service  (Mag and Nunc),Bullard,Alan,,V1(2),TRUE,,,Shelf,EFA
Evening service in C minor  (Mag and Nunc),Dyson,George,Alan Bullard,V1(2),TRUE,,,Shelf,EFA
Ex ore innocentium,Ireland,,,SATB,TRUE,,,Cab 2 133,
Expertans evpectavis,Wood,Charles,,SATB,TRUE,,,Cab 2 51,
Exsultate deo,Palestrina,,,SAATB,FALSE,,,Shelf,ESM
Exsultate justi,Viadana,Lodovico,,SATB,TRUE,,,Shelf,ESM
Faire is the heaven,Harris,William,,SATB,FALSE,,,Shelf,AC420th
Fairest Lord Jesu,Folk song,,How Martin,S(A)(Men),TRUE,,,Shelf,FA1
Fairest Lord Jesus,Silesean folk song,,Martin How,SATB,TRUE,,,Shelf,12EA
Fanfare for Christmas day,Shaw,Martin,,SATB,TRUE,Christmas,,Cab 1 C7,
Fantasia on Christmas carols,Vaughan Williams,,,SATB,TRUE,Christmas,,Cab 4 59,
Father we adore you,Coelino,Terry,,SATB,TRUE,,,Shelf,SWAMS
Father we love you,Adkins,Donna,,SATB,TRUE,,,Shelf,SWAMS
Father we thank thee,Bourgeois,Louis,,SATB,TRUE,,,Shelf,MFHC
"Father, we praise you",Bullard,Alan,,S(A)(T)(B),TRUE,,,Shelf,EFA
Fight the good fight,Long,,,SATB,TRUE,,,Shelf,AUPS1
Fill our hearts with joy and gladness,Quartel,Sarah,,S(A)(T)(B),TRUE,,,Shelf,EFA
Fill thou my life,Witchell,Peter J.,,SA,TRUE,,,Shelf,EAC2
Five Australian carols,?,,,SATB,TRUE,Christmas,,Shelf,
Folk mass,Shaw,Martin,,SATB,TRUE,,,Cab 4,
Folk songs of the four seasons,Vaughan Williams,,,SATB,TRUE,,,Shelf,
For All the Saints,Engelberg,,,SATB,TRUE,,,Shelf,SHSJ
For all thy saints,Eparaim,Mount,,SATB,TRUE,,,Cab 2 1A,
For I went with the multitude,Aston,Peter,,SATB,TRUE,,,Shelf,EAC1
For the beauty of the earth,Rutter,,,SATB,TRUE,,,Cab 1 114,
For the fallen,Guest,Douglas,,SATB,FALSE,,,Shelf,EAC1
For the fallen,Blatchly,Mark,,SSS,TRUE,,,Shelf,EAC2
Forth in thy name,Harris,,,SATB,TRUE,,,Shelf,TGOL
Four short anthems,Stanford,,,SATB,TRUE,,,Cab 2 2,
Freely freely,Owens,Carol,,SATB,TRUE,,,Shelf,SWAMS
From all that dwell,Walmisley,,,SATB,TRUE,,,Shelf,CAB
From all that dwell,Walmisley,,,SATB,TRUE,,,Shelf,CSB3
From all that dwell,Walmisley,,,SATB,TRUE,,,Cab 1 45,
From heaven you came,Kendrick,Graham,,SATB,TRUE,,,Shelf,SWAMS
From the rising of the sun,Ouseley,,,SATB,TRUE,,,Shelf,AFC1
From the rising of the sun,Ouseley,,,SATB,TRUE,,,Shelf,SB5
From the rising of the sun,Ouseley,,,SATB,TRUE,,,Cab 1 73,
Gabriel to Mary came,Anon,,Bullard Alan,S(A)(T)(B),TRUE,,,Shelf,FA1
Gabriels message,Basgue Noel,,Pettman Edgar,SATB,FALSE,Advent,,Cab 2 C81,
Gaudeamus,Jackson,Francis,,SATB,TRUE,,,Shelf,EAC1
Gaudent in coelis,Deering,,,SATB,TRUE,,,Shelf,AUPS2
Gaudent in coelis,Victoria,Tomas,,SATB,FALSE,,,Shelf,SHSJ
Gaudent in coelis,Beamish,Sally,,SATB,FALSE,,,Shelf,SHSJ
Geistliches lied,Brahms,Johannes,,SATB,TRUE,,,Shelf,ESM
Give almes of thy goods,Tye,Christopher,,SATB,FALSE,,,Shelf,AFC1
Give ear unto me,Benedetto,Marcello,,V1(2),TRUE,,,Shelf,EFA
Give ear unto me,Marcello,,,SATB,TRUE,,,Cab 1 117,
Give laud unto the Lord,Bullock,,,SATB,TRUE,,,Shelf,CSB4
Give thanks to God,Trad Botswana,,Bullard Alan,S(A)(Men),TRUE,,,Shelf,FA1
Give us the wings of faith,Bullock,Ernest,,SATB,TRUE,,,Shelf,AC420th
Give us the wings of faith,Bullock,,,SATB,TRUE,,,Shelf,SNCB
Give us the wings of faith,Bullock,,,SATB,TRUE,,,Cab 1 50,
Gloria,Dexter,,,SATB,TRUE,,,Cab 1 56,
Gloria in excelsis,Weelkes,,,SATB,FALSE,,,Cab 2 52,
Glorious and powerful God,Wood,Charles,,SATB,TRUE,,,Shelf,CAB
Glorious and powerful God,Stanford,,,SATB,TRUE,,,Cab 2 53,
Glorious the day when Christ was born,Hill,Hill,Berkeley,SATB,TRUE,,,Shelf,12EA
Glory to God,Jones,,,SATB,TRUE,,,Shelf,
Glory to the Lamb,Blackwell,David,,V1(2),TRUE,,,Shelf,EFA
God be in my head,Walford Davies,,,SATB,FALSE,,,Shelf,CAB
God be in my head,Brearley,Herman,,SATB,FALSE,,,Shelf,E&EL2017
God be in my head,Radcliffe,Philip,,SSAATTBB,FALSE,,,Shelf,EAC1
God be in my head,Fawcett,David,,S(A)(T)(B),TRUE,,,Shelf,EFA
God be in my head,Armstrong-Gibbs,Cecil,,S(A)(Men),TRUE,,,Shelf,FA1
God be in my head,Armstrong-Gibbs,Cecil,,S(A)(Men),TRUE,,,Shelf,FA1
God be in my head,Rutter,,,SATB,TRUE,,,Shelf,FSB7
God be in my head,Nicholson,,,SATB,TRUE,,,Shelf,SNCB
God be in my head,Walford Davies,,,SATB,FALSE,,,Cab 1 2,
God forgave my sin,Owens,Carol,,SATB,TRUE,,,Shelf,SWAMS
God has spoken,Israel folk melody,,,SATB,TRUE,,,Shelf,SWAMS
God in mine eternity,Bullard,Alan,,SA(Men),TRUE,,,Shelf,FA1
God in mine eternity,Bullard,Alan,,S(A)(Men),TRUE,,,Shelf,FA1
God in mine eternity,Bullard,,,SATB,TRUE,,,Cab 1 124,
God is a spirit,Bennet,,,SATB,TRUE,,,Shelf,CAB
God is a spirit,Bennet,,,SATB,TRUE,,,Cab 2 91,
God is gone up,Hutchings,,,SATB,TRUE,,,Shelf,FSB1961/2
God is good,Kendrick,Graham,,SATB,TRUE,,,Shelf,SWAMS
"God is living, God is here!",Bach,,,SATB,TRUE,,,Shelf,AFC1
God is our hope and strength,Bach,,,SATB,TRUE,,,Shelf,AFC1
God is spirit,How,,,SATB,TRUE,,,Shelf,Worship the Lord
God liveth still,Bach,,,SATB,TRUE,,,Shelf,CB10
God made us,Mawby,,,SATB,TRUE,,,Shelf,FSB7
God rest you merry,Trad,,,SATB,TRUE,Christmas,,Cab 1 C23,
God rest you merry,-,,OBC,SATB,TRUE,Christmas,,Cab 1 C23,
God so loved the world,Chilcott,,,SATB,TRUE,,,Shelf,AWTEFC
God so loved the world,Stainer,,,SATB,TRUE,,,Shelf,AWTEFC
God so loved the world,Goss,John,,S(A)(T)(B),TRUE,,,Shelf,EFA
God so loved the world,Bullard,Alan,,SA(T)(B),TRUE,,,Shelf,FA1
God so loved the world,Bullard,Alan,,S(A)(T)(B),TRUE,,,Shelf,FA1
God so loved the world,Goss,,,SATB,TRUE,,,Shelf,God so loved the world
God that madest Earth and heaven,Trad Welsh,,Thorne David,S(A)(Men),TRUE,,,Shelf,FA1
God to enfold you,Bell,,,SATB,TRUE,,,Cab 2 10A,
God which hast prepared,Mudd,,,SATB,TRUE,,,Shelf,CSB5
"God, who made the earth and sky",Grier,Francis,,SATB (div),FALSE,,,Shelf,EAC1
Good christian men rejoice and sing,Lang,,,SATB,TRUE,Christmas,,Shelf,SB8
Good day sir christemas,Terry,,,SATB,TRUE,Christmas,,Cab 1 C9,
Gottes zeit kantate,Bach,,,SATB,TRUE,,,Shelf,
Gracious Lord,Bach,,,SATB,TRUE,,,Cab 1 76,
Grant us the peace,Mendelssohn,,,SATB,TRUE,,,Shelf,CAB
Greater love,Ireland,,,SATB,TRUE,,,Cab 1 3A,
Greater love hath no man,Ireland,John,,SATB,TRUE,,,Shelf,AC420th
Green grows the holly,Bridge,,,SATB,TRUE,,,Cab 2 C57,
Grieve not the holy spirit,Lloyd,,,SATB,TRUE,,,Shelf,AUPS1
Hail gladdening light,Shaw,Geoffrey,,SATB,TRUE,,,Shelf,SB7
Hail gladdening light,Shaw,Geoffrey,,SATB,TRUE,,,Cab 1 18,
Hail gladdening light,Wood,,,SATB,TRUE,,,Cab 4 16,
Hail glorious spirits,Tye,,,SATB,FALSE,,,Shelf,CB10
Hail glorious spirits,Tye,,,SATB,FALSE,,,Cab 4 8,
Hail O living lamb of God,Franck,Peter,,SATB,TRUE,,,Shelf,MFHC
Hail true body,Byrd,,,SATB,FALSE,,,Shelf,MFHC
Hail true body,Vittoria,,,SATB,FALSE,,,Shelf,MFHC
Hail true body,Adap from plainchant,,,SATB,TRUE,,,Shelf,MFHC
Hail virgin Mary,Liszt,Franz,,S(A)(T)(B),TRUE,,,Shelf,FA1
"Hail, Virgin Mary",Liszt,Franz,,S(A)(T)(B),TRUE,,,Shelf,FA1
Hallelujah chorus,Handel,,,SATB,TRUE,,,Cab 1 80,
Hallelujah my father,Cullen,Tim,,SATB,TRUE,,,Shelf,SWAMS
Hark the glad sound,Walford Davies,,,SATB,TRUE,,,Shelf,CAB
Hark the glad sound,Thorne,David,,S(A)(Men),TRUE,,,Shelf,FA1
Hark what a sound,Terry,Richard,,SATB,TRUE,,,Shelf,E&EL2017
Harvest Carol,Ray,Ian,,S(A)(T)(B),FALSE,,,Shelf,FA1
"Haste thee, O God",Batten,Adrian,,SATB,TRUE,,,Shelf,AFC1
Have mercy upon me O God,Tomkins,,,SATB,FALSE,,,Cab 2 3A,
He delivered the poor,Parry,,,SATB,TRUE,,,Shelf,AUPS1
He is blessed that cometh,Mozart,,,SATB,TRUE,,,Shelf,CAB
He is risen,Whitlock,,,SATB,TRUE,,,Shelf,AWTEFC
He is Risen,Cope,Cecil,,V12,TRUE,,,Shelf,FA1
He that in tears soweth,Hiller,,,SATB,TRUE,,,Cab 1 132,
He that is down (Shepherd boys song),Healey,Derek,,SATB,TRUE,,,Shelf,CSB5
He that shall endure,Mendelssohn,,,SATB,TRUE,,,Shelf,CAB
He that shall endure,Mendelssohn,,,SATB,TRUE,,,Shelf,CSB5
"He,whom angels worship",Trad Irish,,Alan Bullard,V 1 2,TRUE,,,Shelf,EFA
"Hear Lord, Lord make haste to help us",Tschaikowsky,,,SATB,TRUE,,,Shelf,CAB
Hear my prayer,Mendelssohn,,,SATB,TRUE,,,Cab 3 29,
Hence thou noisome serpent,Bach,,,SATB,TRUE,,,Shelf,CAB
Here is the little door,Howells,Herbert,,SATB,TRUE,,,Cab 1 70,
Here O my Lord,Whitlock,,,SATB,TRUE,,,Shelf,MFHC
Here while the cherubim,Jordan,John,,SATB,FALSE,,,Shelf,E&EL2017
Hereford (descant),How,Martin,Martin How,SATB,TRUE,,,Cab 2 86,
Hide not thou thy face,Farrant,,,SATB,FALSE,,,Shelf,CAB
Hide not thou thy face,Farrant,,,SATB,FALSE,,,Shelf,CSB3
Hide not thou thy face,Farrant,Richard,,S(A)(Men),FALSE,,,Shelf,FA1
Hide not thou thy face,Farrant,,,SATB,FALSE,,,Cab 1 46,
Hillside carol,Bullard,,,SATB,TRUE,Christmas,,Cab 2 C100,
Hodie christus natus est,Poulenc,,,SATB,TRUE,Christmas,,Cab 2 C58,
Hodie christus natus est,Sweelinck,,,SATB,FALSE,Christmas,,Cab 2 C59,
Holly and the ivy,Walford Davies,,,SATB,TRUE,Christmas,,Cab 1 C8,
Holy communion rite B,Ives,,,SATB,TRUE,,,Cab 4,
Holy ghost dispel our sadness,Bach,,,SATB,TRUE,,,Cab 1 69,
Holy holy holy,Schubert,,,SATB,FALSE,,,Shelf,CAB
Holy holy holy,Tschaikowsky,,,SATB,TRUE,,,Shelf,CAB
Holy holy holy,Owens,,,SATB,TRUE,,,Shelf,SWAMS
Holy holy holy,Schubert,,,SATB,FALSE,,,Cab 2 6A,
Holy holy holy holy is the Lord,Schubert,Franz,,S(A)(T)(B),TRUE,,,Shelf,FA1
Holy holy holy is the Lord,Warden,Norman,,SATB,TRUE,,,Shelf,SWAMS
Holy holy holy lord god almighty,Smith,Alan,,S(A)(Men),TRUE,,,Shelf,FA1
Holy holy holy the Lord God is holy,Warden,Norman,,SATB,TRUE,,,Shelf,SWAMS
Holy is the true light,Harris,,,SATB,TRUE,,,Shelf,FSB7
Holy is the true light,Harris,William,,SATB,FALSE,,,Shelf,SHSJ
Hosanna to the son of David,Hutchings,,,SATB,TRUE,,,Shelf,AWTEFC
Hosanna to the son of David,Bullard,Alan,,S(A)(T)(B),FALSE,,,Shelf,EFA
Hosanna to the son of David,Telemann,Georg,,S(A)(Men),TRUE,,,Shelf,FA1
Hosanna to the son of David,Gibbons,,,SATB,FALSE,,,Cab 2 54,
Hosianna dem sohne Davids,Gesius,,,SATB,FALSE,,,Shelf,AWTEFC
How beauteous are their feet,Stanford,,,SATB,TRUE,,,Cab 1 4A,
How dear are thy councils,Crotch,William,,SATB,TRUE,,,Cab 2 79,
How far is it to Bethlehem,Shaw,Geoffrey,,SATB,TRUE,Christmas,,Cab 1 C40,
How far is it to Bethlehem,Wilcocks,David,,SATB,TRUE,Christmas,,Cab 2 29,
How glorious Sions courts appear,Tye,,,SATB,FALSE,,,Shelf,CSB2
How goodly are thy tents,Ouseley,,,SATB,FALSE,,,Shelf,AFC1
How lovely are the messengers,Mendelssohn,,,SATB,TRUE,,,Cab 1 68,
How lovely are thy dwellings,Brahms,,,SATB,TRUE,,,Cab 1 79,
How lovely are thy dwellings,Spohr,,,SATB,TRUE,,,Cab 1 79,
How lovely are thy dwellings,Rawsthorne,,,SATB,TRUE,,,Cab 1 79,
How shall I sing that majesty,Tye,,,SATB,FALSE,,,Cab 1 35,
Hymn for St Margaret,Headingley,,,SATB,TRUE,,,Cab 2 20,
Hymn of victory,How,Martin,,SATB,TRUE,,,Shelf,SWD
Hymn to the trinity,Tchaikowski,,,SATB,TRUE,,,Cab 1 11,
Hymn to the virgin,Britten,,,SATB,TRUE,Christmas,,Cab 2 C60,
I am the bread of life,Toolah,Suzanne,,SATB,TRUE,,,Shelf,SWAMS
I believe,Moore,Philip,,C,TRUE,,,Shelf,EFA
I give you a new commandment,Nardone,Peter,,SATB,TRUE,,,Shelf,E&EL2017
I give you a new commandment,Aston,Peter,,SS,TRUE,,,Shelf,EAC2
I heard a voice from heaven,Goss,,,SATB,TRUE,,,Shelf,CAB
I know that my redeemer lives,Bach,,,SATB,TRUE,,,Shelf,CAB
I know that my redeemer lives,Handel,,,SATB,TRUE,,,Cab 1 32,
I love the Lord,Harvey,Jonathon,,SSAATTBB,FALSE,,,Shelf,EAC1
I sat down under his shadow,Bairstow,Edward,,SATB,FALSE,,,Shelf,AFC1
I saw a maiden,Pettman,Edgar,,SATB,TRUE,,,Cab 2 C63,
I saw the Lord,Stainer,,,SATB,TRUE,,,Cab 2 7A,
I saw three ships,Preston,Simon,,SATB,TRUE,Christmas,,Cab 2 C65,
I saw three ships,Trad,,,SATB,TRUE,Christmas,,Cab 2 C64,
I saw water,Mode VIII,,,SATB,TRUE,,,Shelf,AWTEFC
I sing of a maiden,Hadley,Patrick,,SATB,TRUE,Christmas,,Shelf,AUPS2
I sing of a maiden,-,,OBC,SATB,TRUE,Christmas,,Cab 1 C36,
I vow to thee,Holst,,,SATB,TRUE,,,Cab 1 14,
I waited for the Lord,Mendelssohn,,,SATB,TRUE,,,Cab 3 26,
I was glad,Warren,Norman,,SATB,TRUE,,,Shelf,SWAMS
I was glad,Parry,,,SATB,TRUE,,,Cab 2 56,
I will lift up mine eyes,Mawby,Colin,,S,TRUE,,,Shelf,EAC2
I will not leave you,Byrd,,,SATB,FALSE,,,Cab 2 94,
I will sing with the spirit,Rutter,,,SATB,TRUE,,,Shelf,RSCM fest 1995
If we believe that Jesus died,Goss,,,SATB,TRUE,,,Shelf,CAB
If ye love me,Tallis,Thomas,,SATB,FALSE,,,Shelf,CAB
If ye love me,Archer,Malcolm,,S(A)(Men),TRUE,,,Shelf,EFA
If ye love me,Tallis,Thomas,,SATB,FALSE,,,Cab 1 51,
In a field as I lay,Morris,,,SATB,TRUE,,,Cab 2 C61,
In dulci jubilo,Gesius,,,SATB,TRUE,Christmas,,Cab 1 C30,
In dulci jubilo GL,Pearsall,,,SATB,FALSE,Christmas,,Cab 1 36,
In honour of Christmas,Rose,Michael,,SATB,TRUE,Christmas,,Cab 2 C62,
In my heart,American spiritual,,Alan Bullard,S(A)(T)(B),TRUE,,,Shelf,EFA
In paradisum,Willcocks,Jonathon,,SS,TRUE,,,Shelf,EAC2
In the bleak midwinter,Darke,,,SATB,TRUE,Christmas,,Cab 1 C38,
In the bleak midwinter,Holst,,,SATB,TRUE,Christmas,,Cab 1 C28,
In the departure of the Lord,Bull,,,SATB,TRUE,,,Shelf,AWTEFC
In the heart where love,Plainsong,,Barnard,SATB,TRUE,,,Shelf,AWTEFC
In the sight of the unwise,Mares,,,SATB,TRUE,,,Shelf,AUPS1
In thee is gladness,Gastoldi,,Ley,SATB,TRUE,,,Shelf,CSB2
In thee is gladness,Stanford,Charles,,SATB,TRUE,,,Cab 2 2,
Infant so gentle,Stainer,John,,SATB,TRUE,Christmas,,Cab 2 C54,
Ingrediente domino,Malcolm,,,SATB,TRUE,,,Shelf,AWTEFC
Into the world of sorrow,Buck,,,SATB,TRUE,,,Shelf,CAB
Irish Blessing,Chilcott,Bob,,S(A)(Men),TRUE,,,Shelf,FA1
Is it nothing to you,Ouseley,,,SATB,TRUE,,,Shelf,CAB
Is it nothing to you,Ouseley,,,SATB,TRUE,,,Shelf,COC
Isti sunt sancti,Dering,Richard,,SATB,FALSE,,,Shelf,Three latin anthems
It is finished,Bach,,,SATB,TRUE,,,Shelf,RSCM Gildford fest
It is my prayer,How,,,SATB,TRUE,,,Cab 1 115,
Jesu dulcis memoris,Drayton,Paul,,SATB,FALSE,,,Shelf,AC420th
Jesu grant me this,Bairstow,,Gibbons,SATB,TRUE,,,Shelf,AWTEFC
Jesu joy,Parry,,,SATB,TRUE,,,Cab 1 12,
Jesu joy and treasure,Bach,,,SATB,TRUE,,,Shelf,CAB
Jesu joy of mans desiring,Bach,,,SATB,TRUE,,,Shelf,CAB
Jesu joy of mans desiring,Bach,,,SATB,TRUE,,,Cab 1 12,
Jesu joyaunce,Lindley,Simon,,SATB,TRUE,,,Cab 1 65,
Jesu lamb of God redeemer,Byrd,,,SATB,FALSE,,,Shelf,CAB
Jesu lamb of God redeemer,Mozart,,,SATB,TRUE,,,Shelf,CAB
Jesu lead my footsteps ever,Bach,,,SATB,TRUE,,,Shelf,CAB
Jesu the very thought is sweet,Vittoria,,,SATB,FALSE,,,Shelf,CAB
Jesu the very thought is sweet,Cantiones,,Wood,SATB,FALSE,,,Shelf,CAB
Jesu the very thought is sweet,Cantiones,,Wood,SATB,FALSE,,,Cab 2 3,
Jesu the very thought of thee,Bairstow,,,SATB,TRUE,,,Shelf,CAB
Jesu the very thought of thee,Bairstow,,,SATB,TRUE,,,Shelf,FSB7
Jesu the very thought of thee,Vittoria,,,SATB,TRUE,,,Shelf,MFHC
Jesu the virgins crown do thou,Mode VIII,,,SATB,TRUE,,,Cab 2 21,
Jesu word of God incarnate,Elgar,,,SATB,TRUE,,,Cab 1 19,
Jesu word of God incarnate,Mozart,,,SATB,TRUE,,,Cab 1 103,
"Jesu, dulcis memoria",Victoria,,,SATB,FALSE,,,Shelf,ESM
Jesus Christ the apple tree,Holman,,,SATB,TRUE,,,Shelf,AUPS1
Jesus Christ the apple tree,Piccolo,Anthony,,SATB (div),TRUE,,,Shelf,EAC1
Jesus Christ the apple tree,Holman,Derek,,S,TRUE,,,Shelf,EAC2
Jesus Christ the apple tree,Anon,,Bullard Alan,S(A)(Men),TRUE,,,Shelf,FA1
Jesus lamb of God Redeemer (Ave Verum),Elgar,Edward,,S(A)(Men),TRUE,,,Shelf,FA1
Jesus stand among us,Green,,,SATB,TRUE,,,Shelf,RSCM fest 1995
Jesus the very thought of thee,Tye,,,SATB,FALSE,,,Shelf,FSB5
Joseph and the angel,Terry,,,SATB,TRUE,,,Cab 1 C5,
Joy is come,Greman 1360,,Carter,SATB,TRUE,,,Shelf,AWTEFC
Joy to World (Psalm 98),,,William Llewellyn,SATB,TRUE,,,Shelf,KoGKoP
Jubilate,Britten,,,SATB,TRUE,,,Cab 1 48,
Jubilate,Boyce,,,SATB,TRUE,,,Cab 1 99,
Jubilate,Stanford,,,SATB,TRUE,,,Cab 1 99,
Jubilate deo,Gabrieli,Giovanni,,SSAATTBB,TRUE,,,Shelf,ESM
Jubilate Deo,Mozart,Wolfgang,,V1 2 (3) (4),FALSE,,,Shelf,FA1
Jubilate everybody,Dunn,Fred,,SATB,TRUE,,,Shelf,SWAMS
Jubilate in C,Britten,Benjamin,,SATB,TRUE,,,Shelf,FA1
Judge eternal,Marchant,Stanley,,SATB,TRUE,,,Shelf,CAB
Justorum animae,Stanford,,,SATB,FALSE,,,Cab 2 57,
Justus cor suum tradidit,Dering,Richard,,SATB,TRUE,,,Shelf,Two part latin anthems
Kantate 106,Bach,,,SATB,TRUE,,,Shelf,
King Jesus hath a garden,Dutch carol,,Wood Charles,SATB,TRUE,,,Cab 2 C66,
King of glory king of peace,Bach,,,SATB,TRUE,,,Shelf,CAB
King of glory king of peace,Bach,,,SATB,TRUE,,,Cab 1 15,
King of the ages almighty God,Townend,Stuart,,SATB,TRUE,,,Shelf,SHSJ
Kyrie (from Johannesburg setting),Bertalot,,,SATB,TRUE,,,Shelf,RSCM fest 1995
Kyrie from Missa Brevis,Dove,Jonathan,,SATB,TRUE,,,Shelf,SHSJ
Kyrie from the mass in the phrygian mode,Wood,Charles,,SATB,FALSE,,,Shelf,SHSJ
Land of hope and glory,Elgar,,,SATB,TRUE,,,Cab 1 107,
Laudate dominum,Sweelinck,,,SSATB,TRUE,,,Shelf,ESM
Laudate dominum,Mozart,,,SATB,TRUE,,,Cab 1 6A,
Lead me Lord,Wesley,,,SATB,TRUE,,,Shelf,12EA
Lead me Lord,Wesley,,,SATB,TRUE,,,Shelf,CAB
Lead me Lord,Wesley,,,SATB,TRUE,,,Cab 1 1,
"Lead me, Lord",Wesley,,,SATB,TRUE,,,Shelf,AFC1
"Lead me,Lord",Blackwell,David,,S(A)(T)(B),TRUE,,,Shelf,EFA
Lent prose,Mode V,,,SATB,TRUE,,,Shelf,AWTEFC
Let all mortal flesh keep silence,Bairstow,Edward,,SATB,FALSE,,,Shelf,AC420th
Let all mortal flesh keep silence,Bairstow,,,SATB,TRUE,,,Shelf,FSB 1961/62
Let all mortal flesh keep silence,Bairstow,,,SATB,TRUE,,,Cab 2 58,
Let all mortal flesh keep silent,Anon,,Cleobury Stephen,V1(2),TRUE,,,Shelf,FA1
Let all mortal flesh keep silent,Bairstow,Edward,,SATB,FALSE,,,Shelf,KoGKoP
"Let all people praise you, Lord",Trad Kenyan,,Alan Bullard,Solo V1 (23),FALSE,,,Shelf,EFA
Let all the world in every corner sing,Leighton,Kenneth,,SSATB,TRUE,,,Shelf,EAC1
Let my prayer,Blow,John,,SATB,TRUE,,,Shelf,AFC1
"Let the people praise thee, O God",Mathias,William,,SATB,TRUE,,,Shelf,EAC1
Let the priests make offering,Byrd,,,SATB,TRUE,,,Shelf,MFHC
Let their celestial concerts,Handel,,,SATB,TRUE,,,Cab 2 43,
Let thy blood in mercy poured,Bach,,,SATB,TRUE,,,Shelf,MFHC
Let thy merciful ears O Lord,Weelkes,,,SATB,TRUE,,,Shelf,CAB
Let thy merciful ears O Lord,Weelkes,,,SATB,TRUE,,,Cab 1 102,
Let us now praise famous men,Vaughan Williams,,,SATB,TRUE,,,Shelf,CAB
Let us now praise famous men,Sowerby,,,SATB,TRUE,,,Shelf,CB10
Let us with a gladsome mind,Nicholson,,,SATB,TRUE,,,Shelf,SB1
Lift thine eyes,Mendelssohn,,,SATB,TRUE,,,Cab 2 59,
Lift up your heads,Jackson,Francis,,SATB,TRUE,,,Shelf,AC420th
Lift up your heads,Kitson,,,SATB,TRUE,,,Cab 2 60,
"Lift up your heads, O ye gates",Mathias,William,,SATB,TRUE,,,Shelf,AFC1
"Lift up your heads, ye mighty gates",Shephard,Richard,,S(A)(Men),TRUE,,,Shelf,EFA
Light of the world,Elgar,,,SATB,TRUE,,,Shelf,AWTEFC
Like as the hart,Howells,Herbert,,SATB,TRUE,,,Shelf,AC420th
Like as the hart,Rawsthorne,,,SATB,TRUE,,,Shelf,AWTEFC
Like as the hart,Novello,,,SATB,TRUE,,,Shelf,SB9
Like the murmur of a doves song,Smith,Alan,,V1(2),TRUE,,,Shelf,FA1
Listen sweet dove,Ives,Grayston,,SATB,TRUE,,,Shelf,EAC1
Listen sweet dove,Ives,Grayston,,SATB,TRUE,,,Shelf,RSCM Guildford fest
Listen sweet dove,Ives,Grayston,,SATB,TRUE,,,Cab 2 38A,
Litany,Tallis,,,SATB,TRUE,,,Cab 1 49,
Litany ASB,Marshall,,,SATB,TRUE,,,Shelf,AWTEFC
Litany ASB,?,,,SATB,TRUE,,,Cab 2 35,
Litany BCP,Loosemore,,,SATB,TRUE,,,Shelf,AWTEFC
Litany of the Holy Spirit,Hurford,Peter,,Unison Descant,TRUE,,,Shelf,EFA
Litany series II,Tallis,,,SATB,TRUE,,,Cab 2 10,
Litany series II,Sarum,,,SATB,TRUE,,,Cab 2 9,
Litany to the Holy Spirit,Hurford,,,SATB,TRUE,,,Cab 1 113,
Lo round the throne,Ley,,,SATB,TRUE,,,Shelf,CAB
Lo round the throne,Ley,,,SATB,TRUE,,,Shelf,FSB3
Lo round the throne,Ley,,,SATB,TRUE,,,Cab 3 28,
Lo star led chiefs,Crotch,,,SATB,TRUE,,,Shelf,CAB
Lo the maker,Cook,,,SATB,TRUE,,,Cab 2 C68,
"Lo, God is here",Jackson,Francis,,SATB,TRUE,,,Shelf,AFC1
Locus iste,Bruckner,Anton,,SATB,FALSE,,,Shelf,ESM
Locus iste,Bruckner,,,SATB,TRUE,,,Cab 2 61,
Long long ago,Howells,Herbert,,SATB,TRUE,,,Cab 2 C67,
Look down upon us,Magdaley,,,SATB,TRUE,,,Shelf,MFHC
Lord for thy tender mercies sake,Farrant,,,SATB,TRUE,,,Shelf,AWTEFC
Lord for thy tender mercies sake,Tye,,,SATB,FALSE,,,Shelf,CAB
Lord for thy tender mercies sake,Farrant,,,SATB,TRUE,,,Shelf,COC
Lord for thy tender mercies sake,Farrant,,,SATB,TRUE,,,Cab 1 3,
Lord have mercy upon us,Kendrick,Graham,,SATB,TRUE,,,Shelf,SWAMS
Lord hear my prayer,Byrd,,,SATB,TRUE,,,Shelf,RSCM Guildford fest
Lord how long wilt thou,Purcell,,,SATB,TRUE,,,Cab 2 15A,
Lord I flee to thee for refuge,Mendelssohn,,,SATB,TRUE,,,Shelf,CAB
Lord I trust thee,Handel,,,SATB,TRUE,,,Shelf,FSB7
Lord in this thy mercies day,Cooke,,,SATB,TRUE,,,Shelf,7WD
Lord inThy mercy,Mendelssohn,Felix,,S(A)(Men),TRUE,,,Shelf,FA1
Lord it belongs not to my care,Walford Davies,,,SATB,TRUE,,,Shelf,CAB
lord make my heart a place,Lyndon-Jones,Laurence,,SS,TRUE,,,Shelf,E&EL2017
Lord my trust is in thy mercy,Mendelssohn,,,SATB,TRUE,,,Shelf,CAB
Lord see thy servants,Bach,,,SATB,TRUE,,,Shelf,FSB5
"Lord that descendedst, Holy child",Gritton,Eric,,SATB,TRUE,,,Shelf,AFC1
Lord the light of your love,Kendrick,Graham,,SATB,TRUE,,,Shelf,SWAMS
"Lord, for thy tender mercy's sake",Farrant,Richard,,S(A)(Men),TRUE,,,Shelf,EFA
"Lord, how long",Greene,,,SATB,TRUE,,,Cab 4 12,
"Lord, I trust thee",Handel,,,SATB,TRUE,,,Shelf,AFC1
"Lord, Thou hast told us",Bax,Arnold,,SATB,FALSE,,,Shelf,AC420th
Lords praier,Stone,Robert,,SATB,TRUE,,,Cab 2 87,
Love divine,Mozart,,,SATB,TRUE,,,Shelf,AUPS2
Love divine all loves excelling,Nicholson,,,SATB,TRUE,,,Shelf,SNCB
Love divine all loves excelling,Nicholson,,,SATB,TRUE,,,Shelf,TGOL
Love is come again,Tamblyn,Bill,,SSAA,FALSE,,,Shelf,EAC2
Love is come again,-,,OBC,SATB,TRUE,,,Cab 1 C25,
Love one another,Wesley,,,SATB,TRUE,,,Shelf,AUPS1
Love one another,Wesley,,,SATB,TRUE,,,Shelf,CAB
Lullaby my sweet baby,Byrd,,,SATB,TRUE,,,Cab 1 7A,
Lullay my lyking,Holst,,,SATB,TRUE,,,Cab 2 C69,
Magnificat,Buxtehude,Dietrich,,SSATB,TRUE,,,Shelf,ESM
Magnificat,Shera,Frank Henley,,S(A)(Men),TRUE,,,Shelf,FA1
Magnificat,Pergolesi,,,SATB,TRUE,,,Shelf,
Magnificat,Vivaldi,,,SATB,TRUE,,,Shelf,
Magnificat,Tone VI,,,SATB,FALSE,,,Cab 2 37,
Magnificat and nunc dimittis,Wesley,,,SATB,TRUE,,,Shelf,SB7
Magnificat and nunc dimittis,Morley,,,SATB,TRUE,,,Cab 3 4,
Magnificat and nunc dimittis,Murrill,,,SATB,TRUE,,,Cab 3 5,
Magnificat and nunc dimittis from short service,Gibbons,,,SATB,TRUE,,,Cab 4 13,
Magnificat and nunc dimittis in A,Sumsion,,,SATB,TRUE,,,Shelf,CB10
Magnificat and nunc dimittis in A,Harris,,,SATB,TRUE,,,Shelf,CSB5
Magnificat and nunc dimittis in A,Sumsion,,,SATB,TRUE,,,Cab 4 4,
Magnificat and nunc dimittis in A flat,Harwood,,,SATB,TRUE,,,Cab 3 2,
Magnificat and nunc dimittis in A minor,Harris,,,SATB,TRUE,,,Shelf,CSB3
Magnificat and nunc dimittis in B flat,Stanford,,,SATB,TRUE,,,Cab 3 33,
Magnificat and nunc dimittis in B minor,Noble,Tertius,,SATB,TRUE,,,Shelf,FSB 1961/62
Magnificat and nunc dimittis in B minor,Noble,Tertius,,SATB,TRUE,,,Cab 3 6,
Magnificat and nunc dimittis in C,Stanford,,,SATB,TRUE,,,Cab 3 7,
Magnificat and nunc dimittis in C,Vaughan Williams,,,SATB,TRUE,,,Cab 3 12,
Magnificat and nunc dimittis in C minor,Dyson,,,SATB,TRUE,,,Cab 4 11,
Magnificat and nunc dimittis in C minor,Wood,,,SATB,TRUE,,,Cab 3 13,
Magnificat and nunc dimittis in D,Wills,,,SATB,TRUE,,,Shelf,FSB5
Magnificat and nunc dimittis in D,Bairstow,,,SATB,TRUE,,,Cab 4 15,
Magnificat and nunc dimittis in D,Wood,,,SATB,TRUE,,,Cab 3 14,
Magnificat and nunc dimittis in D flat,Nicholson,,,SATB,TRUE,,,Shelf,SNCB
Magnificat and nunc dimittis in D flat,Nicholson,,,SATB,TRUE,,,Cab 4 8,
Magnificat and nunc dimittis in D minor,Walmisley,,,SATB,TRUE,,,Cab 3 9,
Magnificat and nunc dimittis in E,Statham,Heathcote,,SATB,TRUE,,,Shelf,CSB2
Magnificat and nunc dimittis in E,Watson,Sidney,,SATB,TRUE,,,Cab 3 19,
Magnificat and nunc dimittis in E,Whitfield,Clarke,,SATB,TRUE,,,Cab 3 11,
Magnificat and nunc dimittis in E flat,Willan,Healey,,SATB,TRUE,,,Shelf,CSB4
Magnificat and nunc dimittis in E flat,Wood,,,SATB,TRUE,,,Shelf,FSB9
Magnificat and nunc dimittis in E flat,Willan,Healey,,SATB,TRUE,,,Cab 3 36,
Magnificat and nunc dimittis in E flat GL,Lloyd,,,SATB,TRUE,,,GL,
Magnificat and nunc dimittis in F,Dyson,,,SATB,TRUE,,,Cab 3 39,
Magnificat and nunc dimittis in F,Wesley,,,SATB,TRUE,,,Cab 3 10,
Magnificat and nunc dimittis in F minor,Holman,,,SATB,TRUE,,,Shelf,CSB3
Magnificat and nunc dimittis in G,McPherson,Charles,,SATB,TRUE,,,Shelf,CSB2
Magnificat and nunc dimittis in G,Stanford,,,SATB,TRUE,,,Cab 3 41,
Magnificat and nunc dimittis in G,Sumsion,,,SATB,TRUE,,,Cab 3 8,
Magnificat and nunc dimittis in G,Sumsion,,,SATB,TRUE,,,Cab 1 125,
Magnificat and nunc dimittis in G minor,Purcell,,,SATB,TRUE,,,Cab 4 3,
Magnificat and nunc dimittis plain song with FB,Andreas,Carolus,,SATB,TRUE,,,Shelf,CSB5
Magnificat and nunc dimittis plainsong with FB,Nicholson,,,SATB,TRUE,,,Shelf,SB5
Magnificat and nunc dimittis plainsong with FB,Andreas,Carolus,,SATB,TRUE,,,Shelf,
Magnificat and nunc dimittis second service,Byrd,,,SATB,TRUE,,,Cab 4 14,
Magnificat and nunc dimittis un G  GL,Cooke,,,SATB,TRUE,,,GL,
Magnificat and nunc dimittis with FB,Morley,Thomas,Knight,SATB,TRUE,,,Shelf,SB10
Magnificat and nunc dimittis with FB,Willan,Healey,,SATB,TRUE,,,Shelf,SB3
Majesty,Hayford,Jack,,SATB,TRUE,,,Shelf,SWAMS
Make a joyful noise,Mathias,William,,SATB,TRUE,,,Shelf,AC420th
Make a joyful noise unto the Lord,Matthias,,,SATB,TRUE,,,Shelf,FSB5
Make me a channel,Temple,Sebastian,,SATB,TRUE,,,Shelf,SWAMS
Make me a light,Wilby,Philip,,S,TRUE,,,Shelf,EAC2
Man that is born of woman,Parry,,,SATB,TRUE,,,Shelf,CAB
Mary's boy child,Hairston,Jeston,,SATB,TRUE,,,Cab 1 C42,
Mary's child,Hay,Francis,,SATB,TRUE,,,Cab 1 C40,
Mass of five voices,Appleford,,,SATB,TRUE,,,Cab 4,
Masters in this hall,Trad,,David Wilcocks,SATB,TRUE,,,Shelf,FSB9
Mater Ora Filium,Wood,Charles,Harrison Oxley,S,TRUE,,,Shelf,EAC2
"Mathew, Mark and Luke and John",How,,,SATB,TRUE,,,Cab 1 58,
May the fragrance of Jesus,Kendrick,Graham,,SATB,TRUE,,,Shelf,SWAMS
May the road rise up to meet you,Joilffe,Edmund,,V1(2),TRUE,,,Shelf,EFA
Meekness and majesty,Kendrick,Graham,,SATB,TRUE,,,Shelf,SWAMS
Michael : descant,Swinburn,,,SATB,TRUE,,,Cab 1 122,
"Mighty, glorious is God the Father",Bach,Johann,,SATB,TRUE,,,Shelf,E&EL2017
Miserere,Allegri,Gregorio,,SSATB,FALSE,,,Shelf,ESM
Miserere mei,Dering,Richard,,SATB,TRUE,,,Shelf,Two part latin anthems
Missa brevis,Carter,,,SATB,TRUE,,,Shelf,
Missa brevissima,Casciolini,,,SATB,TRUE,,,Shelf,
Missa de angelis,-,,Burgess Francis,SATB,TRUE,,,Shelf,MFHC
Missa de sancta maria magdalena,Willan,Healey,,SATB,TRUE,,,Shelf,MFHC
Missa O magnum mysterium,Victoria,Tomas,,SATB,TRUE,,,Cab 4,
Missa O Quam Gloriosum,Victoria,Tomas,,SATB,FALSE,,,Cab 4,
Missa sanctae mariae,Oldroyd,,,SATB,TRUE,,,Cab 4,
Missa sanctae trinitatis,Statham,,,SATB,TRUE,,,Shelf,
Modal mass,Shaw,Martin,,SATB,TRUE,,,Cab 4,
Moses I know you're the man,White,Estelle,,SATB,TRUE,,,Shelf,SWAMS
Most glorious Lord of life,Harris,,,SATB,TRUE,,,Shelf,AWTEFC
Most glorious Lord of life,Harris,,,SATB,TRUE,,,Shelf,RSCM Guildford fest
Most glorious Lord of lyfe,Gibbs,,,SATB,TRUE,,,Shelf,CAB
Most glorious Lord of lyfe!,Lord,David,,SATB,TRUE,,,Shelf,AFC1
Motet O quam gloriosum est regnum,Victoria,Tomas,,SATB,FALSE,,,Cab 4,
"Music for lent, holy week and easter",Shepherd,,,SATB,TRUE,,,Cab 2 34A,
Musica dei donum,Rutter,,,SATB,TRUE,,,Cab 1 129,
My God and is thy table spread,Schutz,Heinrich,,SATB,TRUE,,,Shelf,MFHC
My God my God,Blow,,,SATB,TRUE,,,Cab 2 40,
My heart ever faithful,Bach,,,SATB,TRUE,,,Shelf,AUPS2
My heart ever faithful,Bach,,,SATB,TRUE,,,Cab 1 118,
My peace I give unto you,Davy,James,,SA(T)(B),TRUE,,,Shelf,EFA
My song is love unknown,Archer,Malcolm,,SS,TRUE,,,Shelf,EAC2
My soul there is a country,Parry,,,SATB,TRUE,,,Shelf,CAB
My soul truly waiteth,How,,,SATB,TRUE,,,Cab 1 58,
My spirit longs for thee,Alan,Bullard,,V1(2),TRUE,,,Shelf,EFA
My spirit longs for thee,Dowland,,,SATB,TRUE,,,Shelf,MFHC
Myn lyking,Terry,,,SATB,TRUE,,,Cab 1 C12,
Nativity carol,Rutter,John,,SATB,TRUE,,,Cab 2 C70,
Never weather beaten sail,Campion,Thomas,,S(A)(Men),TRUE,,,Shelf,FA1
New testament psalm (beatitudes),Parry,,,SATB,TRUE,,,Shelf,FSB5
Nolo mortem peccatoris,Morley,,,SATB,TRUE,,,Cab 2 62,
Nos galan,?,,,SATB,TRUE,,,Cab 1 1,
"Not unto us, O Lord",Walmisley,,,SATB,TRUE,,,Shelf,AFC1
Now that the sun has veiled his light,Purcell,,,SATB,TRUE,,,Shelf,CAB
Now the God of peace,Knight,,,SATB,TRUE,,,Shelf,FSB5
Now the green blade rises,Anon,,Bullard Alan,SA(T)(B),TRUE,,,Shelf,FA1
Now the green blade riseth,Trad,,Lindley,SATB,TRUE,,,Shelf,AWTEFC
Now the green blade riseth,-,,OBC,SATB,TRUE,,,Cab 1 C25,
Now to the earth in mercy,Buck,,,SATB,TRUE,,,Shelf,CAB
Nowell,Joubert,,,SATB,TRUE,,,Cab 2 C71,
Nunc Dimittis,Shera,Frank Henley,,V1(2),TRUE,,,Shelf,FA1
Nunc dimittis,Tone II,,,SATB,FALSE,,,Cab 2 37,
"Nunc Dimittis, Steal Away",,,Harper John,SATB,TRUE,,,Shelf,E&EL2017
O almighty God,Barcrofte,George,,SATB,TRUE,,,Shelf,AFC1
O be joyful,Britten,,,SATB,TRUE,,,Cab 1 48,
O be joyful in the Lord,Britten,Benjamin,,SATB,TRUE,,,Shelf,AC420th
O christ who art the light and day,Byrd,,,SATB,TRUE,,,Shelf,CAB
"O Christ, O blessed God",Wagner,Richard,,SATB,TRUE,,,Shelf,AFC1
"O Christ, who art the light and day",Whyte,Robert,,SATB,FALSE,,,Shelf,AFC1
O clap your hands,Rutter,John,,SATB,TRUE,,,Shelf,AC420th
O clap your hands,Vaughan Williams,Ralph,,SATB,TRUE,,,Shelf,AC420th
O come ye servants,Tye,,,SATB,FALSE,,,Cab 1 34,
"O come, ye servants of the Lord",Tye,Christopher,,SATB,FALSE,,,Shelf,AFC1
O for a closer walk,Scottish Psalter,,Stanford,SATB,TRUE,,,Shelf,AFC1
O for a closer walk,Stanford,,,SATB,TRUE,,,Cab 2 2,
O for a closer walk with God,Caesar,Anthony,,S (div),TRUE,,,Shelf,EAC2
O for the wings of a dove,Mendelssohn,,,SATB,TRUE,,,Cab 1 61,
O gladsome light O grace,Borgeois,,,SATB,TRUE,,,Shelf,CAB
O gladsome light O grace,Sullivan,Arthur,,SATB,TRUE,,,Cab 1 29,
O God my king,Amner,John,,SATB,TRUE,,,Shelf,AFC1
O God of Bethel,Tye,,,SATB,FALSE,,,Shelf,CAB
O God the king of glory,Purcell,Henry,,SATB,FALSE,,,Shelf,AFC1
O God thou faithful God,Bach,,,SATB,TRUE,,,Shelf,CAB
"O God, the king of glory",Purcell,Henry,,SATB,TRUE,,,Shelf,KoGKoP
"O God, thou art my God",Purcell,,,SATB,TRUE,,,Cab 3 31,
"O God, who by the leading of a star",Attwood,Thomas,,SATB,TRUE,,,Shelf,AFC1
O hear us Lord,Piccolo,,,SATB,TRUE,,,Shelf,AUPS2
"O hear us, Lord",Piccolo,Anthony,,SS,TRUE,,,Shelf,EAC2
O holy Jesus,White,,,SATB,TRUE,,,Cab 2 42,
O holy night,Adolphe,,,SATB,TRUE,,,Cab 2 C72,
O holy spirit breathe on me,Warren,Norman,,SATB,TRUE,,,Shelf,SWAMS
"O holy spirit, lord of grace",Tye,,,SATB,FALSE,,,Cab 2 92,
"O holy spirit, lord pf grace",Tye,,,SATB,FALSE,,,Shelf,TGOL
O how amiable,Vaughan Williams,Ralph,,SATB,TRUE,,,Shelf,AC420th
O how amiable,Simper,Calib,Alan Bullard,S(A)(T)(B),TRUE,,,Shelf,EFA
O how amiable are thy dwellings,Gardner,Tom,,SATB,TRUE,,,Shelf,CSB5
O how amiable are thy dwellings,How,Martin,,SATB,TRUE,,,Cab 2 4,
O how amiable are thy dwellings,Knight,,,SATB,TRUE,,,Cab 2 26,
O how amiable are thy dwellings GL,Faning,Eaton,,SATB,TRUE,,,GL,
O How Glorious,Harwood,Basil,,SATB,TRUE,,,Shelf,SHSJ
"O Jesu Christ, meins lebens licht",Bach,,,SATB,TRUE,,,Shelf,ESM
O Jesu most kind,Bach,,,SATB,TRUE,,,Cab 1 75,
O King and desire,Stainer,John,,S(A)(T)(B),TRUE,,,Shelf,EFA
O king most high,Spence,Horace,,SATB,TRUE,,,Shelf,CB10
O lead my blindness,Bach,,,SATB,TRUE,,,Shelf,MFHC
O let the son of God,Wimber,John,,SATB,TRUE,,,Shelf,SWAMS
O little town of Bethlehem,Walford Davies,,,SATB,TRUE,,,Cab 1 C38,
O Lord give thy holy spirit,Tallis,Thomas,,SATB,TRUE,,,Shelf,TGOL
O Lord give thy holy spirit,Tallis,Thomas,,SATB,TRUE,,,Cab 2 63,
O Lord God,Buck,,,SATB,TRUE,,,Shelf,CAB
O Lord God the strength of my help,Brewer,,,SATB,TRUE,,,Shelf,AUPS1
O Lord increase my faith,Gibbons,Orlando,,SATB,TRUE,,,Shelf,CAB
O Lord increase my faith,Gibbons,Orlando,,SATB,TRUE,,,Cab 1 37,
O Lord my God,Wesley,,,SATB,TRUE,,,Shelf,CAB
O Lord my God,Wesley,,,SATB,TRUE,,,Cab 2 23,
O Lord my God to thee do I lift up my soul,Arcadelt,,,SATB,TRUE,,,Shelf,CAB
O Lord support us,Besly,,,SATB,TRUE,,,Shelf,CAB
O Lord the maker of all thing,Mundy,,,SATB,FALSE,,,Shelf,CAB
O Lord the maker of all thing,Mundy,,,SATB,FALSE,,,Cab 2 64,
O Lord who dares to smite thee,Bach,,,SATB,TRUE,,,Shelf,COC
O Lorde the maker of al thing,Joubert,,,SATB,TRUE,,,Shelf,FSB 1961/62
O Lorde the maker of al thing,Joubert,,,SATB,TRUE,,,Cab 2 33,
O mortal man,Trad,,Scott,SATB,TRUE,,,Shelf,AWTEFC
O most merciful,Gesanbach,Munster,,SATB,TRUE,,,Shelf,12EA
O most merciful,Wood,,,SATB,TRUE,,,Shelf,MFHC
O mysterium innefabile,Lallouette,,,SATB,TRUE,,,Shelf,AUPS2
O nata lux,Joilffe,Edmund,,S(A)(T)(B),TRUE,,,Shelf,EFA
O nata lux,Tallis,Thomas,,SATB,TRUE,,,Cab 2 65,
O praise God in his holiness,Pritchard,,,SATB,TRUE,,,Shelf,CSB3
O praise God in his holiness,McPherson,,,SATB,TRUE,,,Cab 1 12A,
O praise the Lord,Greene,,,SATB,TRUE,,,Shelf,AUPS1
O praise the Lord,Goss,,,SATB,TRUE,,,Shelf,CSB3
O praise the Lord,Boyce,William,,V1(2),TRUE,,,Shelf,EFA
O praise the Lord,Batten,,,SATB,TRUE,,,Cab 1 64,
O praise the Lord,Goss,,,SATB,TRUE,,,Cab 1 38,
O praise the Lord,Mozart,,,SATB,TRUE,,,Cab 1 6A,
O praise the Lord,Handel,,,SATB,TRUE,,,Shelf,
O praise the Lord,Nares,,,SATB,TRUE,,,Cab 1 131,
O pray for the peace of Jerusalem,Goss,John,,SATB,TRUE,,,Shelf,AFC1
O pray for the peace of Jerusalem,Howells,,,SATB,TRUE,,,Cab 2 39,
O quam gloriosi,Victoria,,,SATB,TRUE,,,Cab 1 110,
O quam gloriosum,Victoria,,,SATB,FALSE,,,Shelf,ESM
O Rex Gloriae,Marenzio,Luca,,SATB,FALSE,,,Shelf,KoGKoP
O sacred and holy banquet,Causton,,,SATB,TRUE,,,Shelf,MFHC
O sacred and holy feast,Byrd,,,SATB,TRUE,,,Shelf,MFHC
O sacred banquet,Harwood,,,SATB,TRUE,,,Shelf,MFHC
O sacrum convivium,Leighton,Kenneth,,SS,TRUE,,,Shelf,EAC2
O salutaris Hostia,Criostomo,Juan,Alan Bullard,V1 ( 2) (3),TRUE,,,Shelf,EFA
O salutaris hostia,Rossini,Gioachino,,SATB,FALSE,,,Shelf,ESM
O saving victim,Rowley,,,SATB,TRUE,,,Cab 2 39A,
O saviour of the world,Goss,John,,SATB,TRUE,,,Shelf,CAB
O saviour of the world,Palestrina,,,SATB,FALSE,,,Shelf,CAB
O saviour of the world,Goss,John,,SATB,TRUE,,,Shelf,COC
O saviour of the world,Goss,John,,SATB,TRUE,,,Cab 1 5,
O saviour of the world,Palestrina,,,SATB,FALSE,,,Cab 1 5A,
O Sing to the Lord,Nardone,Peter,,SATB,TRUE,,,Shelf,KoGKoP
O sing unto the Lord,Knight,Boyce,,SATB,TRUE,,,Shelf,CSB5
O sing unto the Lord,Rawsthorne,Noel,,S (div),TRUE,,,Shelf,EAC2
O sing unto the lord,Purcell,,,SATB,TRUE,,,Cab 2 66,
O sons and daughters,Walford Davies,,,SATB,TRUE,,,Shelf,AWTEFC
O sons and daughters,Walford Davies,,,SATB,TRUE,,,Shelf,FSB3
O strength and stay,Bourgeois,,Harris,SATB,FALSE,,,Shelf,AFC1
O sweet Jesu,Graves,,,SATB,TRUE,,,Cab 2 5,
O taste and see,Vaughan Williams,Ralph,,SATB,FALSE,,,Shelf,AC420th
O taste and see,Goss,,,SATB,TRUE,,,Cab 1 82,
O taste and see,Vaughan Williams,,,SATB,TRUE,,,Cab 1 40,
O that I know where I might find him,Bennett,,,SATB,TRUE,,,Shelf,CAB
O thou sweetest source,Wood,,,SATB,TRUE,,,Cab 1 57,
O thou the central orb,Wood,,,SATB,TRUE,,,Cab 1 59,
"O trinity, most blessed light",Turner,,,SATB,TRUE,,,Shelf,AFC1
O turn away mine eyes,Boyce,,,SATB,TRUE,,,Shelf,AUPS2
O valiant hearts,?,,,SATB,TRUE,,,Cab 1 107,
O vos omnes,Correa,Carlos,,SATB,FALSE,,,Shelf,AFC1
O vos omnes,Croce,,,SATB,TRUE,,,Shelf,AWTEFC
O vos omnes,Casals,Pablo,,SATB (div),FALSE,,,Shelf,ESM
O vos omnes,Gesualdo,Carlo,,SATTB,FALSE,,,Shelf,ESM
O vos omnes,Victoria,,,SATB,FALSE,,,Shelf,ESM
O what their joy and their glory must be,Harris,,,SATB,TRUE,,,Shelf,CAB
O what their joy and their glory must be,Harris,,,SATB,TRUE,,,Cab 2 24,
"O wondrous sight,O vision fair",Deo Gracias,,Rebecca Groom de Velde,SA (TB),TRUE,,,Shelf,EFA
O worship the Lord,Travers,,,SATB,TRUE,,,Shelf,AUPS1
O worship the Lord,Purcell,,,SATB,TRUE,,,Shelf,CAB
O'er the hill,-,,Shaw Geoffrey,SATB,TRUE,,,Cab 1 C31,
Octave communion service,Gibbs,,,SATB,TRUE,,,Shelf,MFHC
Of the father's heart begotten,Piae Cantiones,,Willcocks,SATB,TRUE,,,Shelf,AFC1
Of the glorious body,Bruckner,,,SATB,TRUE,,,Shelf,AWTEFC
Of the glorious body telling,Trad French,,Alan Bullard,V1(2),TRUE,,,Shelf,EFA
Oh Breath of Life,Anon,,Bullard Alan,S(A)(Men),TRUE,,,Shelf,FA1
Oh for a closer walk with God,Stanford,Charles,,SA(T)(B),TRUE,,,Shelf,FA1
Oh God of mercy,Lole,Simon,,V1(2),TRUE,,,Shelf,FA1
"Oh God, your goodness",Beethoven,Ludwig,Alan Bullard,SA(T)(B),TRUE,,,Shelf,FA1
Oh Lord my God (evening prayer),Moore,Philip,,SATB,FALSE,,,Shelf,SHSJ
Oh Praise God in his holiness V1,Weldon,John,,SA(T)(B),FALSE,,,Shelf,FA1
Oh Praise God in his holiness V2,Weldon,John,,S(A)(Men),TRUE,,,Shelf,FA1
Oh thou the Central Orb,Wood,Charles,,SATB,TRUE,,,Shelf,AC420th
Old hundredth,Vaughan Williams,,,SATB,TRUE,,,Cab 1 62,
On Christmas night,Vaughan Williams,,,SATB,TRUE,,,Cab 1 C2,
On this day earth shall ring,Stewart,HC    ,,SATB,TRUE,,,Shelf,AC420th
On this day earth shall ring,Stewart,,,SATB,TRUE,,,Cab 2 C73,
Once only once,Tye,,,SATB,FALSE,,,Shelf,MFHC
Os justi,Bruckner,Anton,,SATB,FALSE,,,Shelf,ESM
Os justi meditabitur,Bruckner,,,SATB,TRUE,,,Cab 2 67,
Otche nash,Arensky,Antony,,SATB,FALSE,,,Shelf,ESM
Our Father,Smith,Andrew,,V1(2),TRUE,,,Shelf,EFA
Pange lingua,Bruckner,,,SATB,TRUE,,,Shelf,AWTEFC
Panis angelicus,Franck,,,SATB,TRUE,,,Shelf,AUPS2
Panis Angelicus,Casciolini,Claudio,,V1(2)(3),FALSE,,,Shelf,EFA
Panis angelicus,Franck,Cesar,,SATB,TRUE,,,Shelf,ESM
Panis angelicus,Franck,Cesar,,V1(2),TRUE,,,Shelf,FA1
Panis angelicus,Dering,Richard,,SATB,TRUE,,,Shelf,Three latin anthems
Panis angelicus,Franck,,,SATB,TRUE,,,Cab 1 120,
Past three o'clock,Wood,,,SATB,TRUE,,,Cab 2 C74,
Pater noster,Handl,Jacob,,SSAATTBB,FALSE,,,Shelf,ESM
Peace between the nations,Wiggins,Christopher,,V1(2),TRUE,,,Shelf,FA1
Peace I bring you,How,,,SATB,TRUE,,,Cab 1 58,
Peccantem me quotidie,Morales,,,SATB,TRUE,,,Shelf,AWTEFC
Pie Jesu,Faure,Gabriel,,V1(2),TRUE,,,Shelf,FA1
Pleasure it is,Cope,Cecil,,SATB,TRUE,,,Shelf,CSB2
Pleasure it is,Cope,Cecil,,SATB,TRUE,,,Cab 1 22,
Popule meus,Victoria,,,SATB,TRUE,,,Shelf,AWTEFC
Praise be to God,Bullard,Alan,,V1(2),TRUE,,,Shelf,EFA
"Praise God , from whom all blessings flow",Tallis,Thomas,,V1(2)(3(4),TRUE,,,Shelf,EFA
Praise God in his holy place,Mawby,Colin,,SATB,TRUE,,,Shelf,RSCM Guildford fest
Praise the Lord O my soul,Greene,Maurice,,SATB,TRUE,,,Shelf,12EA
Praise the Lord O my soul,Child,William,,SATB,TRUE,,,Shelf,CSB4
"Praise the Lord, ye servants",Blow,John,,SATB,TRUE,,,Shelf,AFC1
Praise thou the Lord,Statham,Heathcote,,SATB,TRUE,,,Cab 2 2A,
Praise to God in the highest,Russian tune,,Campbell,SATB,TRUE,,,Shelf,AFC1
Praise to the holiest in the height,Somervell,,,SATB,TRUE,,,Shelf,God so loved the world
Praise to the Trinity,Hildegard of Bingen,,,Unison,FALSE,,,Shelf,FA1
Praise to thee Lord Jesus,Schutz,,,SATB,TRUE,,,Shelf,God so loved the world
Praise ye the Lord,Rutter,John,,SATB,TRUE,,,Shelf,AFC1
Pray that Jerusalem,Stanford,Charles,,SATB,TRUE,,,Cab 2 2,
Prayer of Peace,Carter,Andrew,,SATB,TRUE,,,Shelf,EAC1
Prepare thyself Jerusalem,Bach,,,SATB,TRUE,,,Shelf,AUPS1
Prevent us O Lord,Byrd,,,SATB,TRUE,,,Shelf,FSB 1961/2
Psalm 100,Schutz,Heinrich,,SSAATTBB,TRUE,,,Shelf,ESM
Psalm 100,Atkins,,,SATB,TRUE,,,Shelf,FSB7
Psalm 100 with antiphons,Mawby,,,SATB,TRUE,,,Shelf,FSB7
Psalm 100 with descant,Turton,,,SATB,TRUE,,,Shelf,FSB5
Psalm 101,Nicholson,,,SATB,TRUE,,,Shelf,CSB3
Psalm 114,Bairstow,,,SATB,TRUE,,,Shelf,AWTEFC
Psalm 115,Nicholson,,,SATB,TRUE,,,Shelf,CSB4
Psalm 116,Bennett,,,SATB,TRUE,,,Shelf,SB1
Psalm 121,Walford Davies,,,SATB,TRUE,,,Cab 1 13A,
Psalm 123,Pymar,,,SATB,TRUE,,,Shelf,CSB4
Psalm 125,Walmisley,,,SATB,TRUE,,,Shelf,CSB4
Psalm 130,Tone IV,,,SATB,FALSE,,,Cab 2 8A,
Psalm 146,Stainer,,,SATB,TRUE,,,Shelf,SB7
Psalm 148,Nicholson,,,SATB,TRUE,,,Shelf,CSB5
Psalm 149,Crotch,,,SATB,TRUE,,,Shelf,SB3
Psalm 150,Chilcott,Bob,,S(A)(Men),TRUE,,,Shelf,FA1
Psalm 150,Rawsthorne,,,SATB,TRUE,,,Shelf,RSCM fest 1995
Psalm 150,Stanford,,,SATB,TRUE,,,Cab 1 39,
Psalm 150 with descant,Pelham Humphrey,,,SATB,TRUE,,,Shelf,SB8
Psalm 2,Hylton Stewart,,,SATB,TRUE,,,Shelf,CSB5
Psalm 22,Plainsong,,,SATB,TRUE,,,Cab 2 8,
Psalm 23,Mawby,Colin,,SATB,TRUE,,,Shelf,AUPS2
Psalm 23,Schubert,Franz,,SSAA,TRUE,,,Shelf,ESM
Psalm 24,Ball,Thalben,,SATB,TRUE,,,Shelf,FSB3
Psalm 43,Mendelssohn,,,SSAATTBB,FALSE,,,Shelf,ESM
Psalm 68,Plainchant,,,SATB,TRUE,,,Cab 2 36,
Psalm 8,Ouseley,,,SATB,TRUE,,,Shelf,SB9
Psalm 84,Knight,,,SATB,TRUE,,,Cab 2 26,
Psalm 91 with descant,Woodward,,,SATB,TRUE,,,Shelf,SB5
Psalm 92,Pring,,,SATB,TRUE,,,Shelf,CSB5
Psalm 92,Nares,,,SATB,TRUE,,,Shelf,SB1
Psalm 93 with descant,Monk,,,SATB,TRUE,,,Shelf,SB5
Psalm 95,Pring,,,SATB,TRUE,,,Shelf,FSB5
Psalm 95 with antiphon,Elvey,,,SATB,TRUE,,,Shelf,FSB9
Psalm 98 responsorial,Murray,,,SATB,TRUE,,,Shelf,7WD
Psalm verses : 6 mood setters,How,,,SATB,TRUE,,,Cab 3 34,
Psalms 86 and 148,Holst,,,SATB,TRUE,,,Cab 3 18,
Puer Natus,Hoddinott,Alan,,SATB,TRUE,,,Shelf,AC420th
Puer natus,-,,OBC,SATB,TRUE,,,Cab 1 C26,
Pueri Hebraeorum,Victoria,,,SATB,TRUE,,,Shelf,AWTEFC
Purest and highest,Stanford,Charles,,SATB,TRUE,,,Cab 2 2,
Quelle est cette odeour Agreable,Willcocks,,,SATB,TRUE,,,Cab 2 C75,
Quem vidistis pastoris,Dering,,,SATB,TRUE,,,Cab 2 C76,
Qui creavit coelum,-,,Cook Edgar,SATB,TRUE,,,Cab 1 C29,
Rejoice,Howell,,,SATB,TRUE,,,Cab 1 58,
Rejoice in the Lord alway,Wiggins,Christopher,,V1(2),TRUE,,,Shelf,FA1
Rejoice in the Lord always,Ley,,,SATB,TRUE,,,Shelf,CAB
Rejoice in the Lord always,Purcell,,,SATB,TRUE,,,Shelf,CAB
Rejoice in the Lord always,Purcell,,,SATB,TRUE,,,Cab 1 72,
Rejoice in the Lord always,Anon,,,SATB,TRUE,,,Cab 2 69,
Rejoice in the Lord O ye righteous,Humpfrey Pelham,,,SATB,TRUE,,,Shelf,CB10
Rejoice the Lord is king,Stanton,,,SATB,TRUE,,,Shelf,FSB7
Rejoice today with one accord,Luther,Martin,Alan Bullard,S(A)(T)(B),TRUE,,,Shelf,EFA
Rejoice ye pure in heart,Headingley,,,SATB,TRUE,,,Cab 2 20,
Remember now thy creator,Steggall,,,SATB,TRUE,,,Cab 2 70,
Remember O thou man,Ravenscroft,Thomas,,SATB,TRUE,,,Cab 1 C27,
Reproaches GL,-,,,SATB,TRUE,,,Cab 2 30,
Responces,Rose,,,SATB,TRUE,,,Cab 4,
Responces,Reading,,,SATB,TRUE,,,Cab 4,
Responces,Ayleward,,,SATB,TRUE,,,Cab 4,
Responces,Ebdon,,,SATB,TRUE,,,Cab 4,
Responces festal,Tallis,,Barnby,SATB,TRUE,,,Cab 4,
Responces four tudor,"Byrd, Morley, Smith, Tomkins",,,SATB,TRUE,,,Cab 4,
Responses Norwich use,-,,,SATB,TRUE,,,Cab 4 3R,
Responses psalms canticles RSCM,-,,,SATB,TRUE,,,Cab 4 4R,
Restore O Lord,Kendrick,Graham,,SATB,TRUE,,,Shelf,SWAMS
Ride on,Ives,,,SATB,TRUE,,,Shelf,AWTEFC
Righteous Joseph,-,,OBC,SATB,TRUE,,,Cab 1 C27,
Risen with Christ,-,,,SATB,TRUE,,,Shelf,RWC
Rocking,Czech,,,SATB,TRUE,,,Cab 1 C21,
Rose carol,Matthews,David,,SATB,TRUE,,,Cab 2 C97,
Round me falls the night,Drese,,,SATB,TRUE,,,Shelf,CAB
Sacerdotes Domini,Byrd,William,,SATB,FALSE,,,Shelf,E&EL2017
Sacredotis domini,Byrd,,,SATB,TRUE,,,Cab 2 71,
Salvator mundi,Blow,John,,SATB,TRUE,,,Cab 2 72,
Salvator mundi,Tallis,,,SATB,TRUE,,,Cab 4 9,
Salve regina,Poulenc,Francis,,SATB,FALSE,,,Shelf,ESM
Salve regina,Haydn,,,SATB,TRUE,,,Cab 2 74,
Sanctify O Lord,Middleton,,,SATB,TRUE,,,Shelf,AUPS1
Sanctus and agnus dei,Dexter,Harold,,SATB,TRUE,,,Cab 1 55,
Sanctus in D,Leyton,Kenneth,,SATB,TRUE,,,Shelf,FSB3
"Sanctus, Benedictus Agnus Dei",Willan,Heaely,Gostling,SATB,TRUE,,,Cab 4,
Sans day carol,Rutter,John,,SATB,TRUE,,,Cab 2 C77,
Save me O God,Ouseley,,,SATB,TRUE,,,Shelf,CSB4
Save us O Lord,Bairstow,,,SATB,TRUE,,,Cab 3 21,
Saviour thy flesh is meat indeed,Parry,Joseph,,SATB,TRUE,,,Shelf,MFHC
Seasonal sentences,Shepherd,,,SATB,TRUE,,,Cab 3 23,
See amid the winter snow,Goss,John,,SATB,TRUE,,,Cab 1 C22,
See father thy beloved son,Constance,,,SATB,TRUE,,,Shelf,MFHC
See those wined angels (Cherubic Hymn),Rachmaninoff,Sergei,,SATB,FALSE,,,Shelf,KoGKoP
Seek ye first the kingdom,Lafferty,Karen,,SATB,TRUE,,,Shelf,SWAMS
Selig sind sie toten,Schutz,Heinrich,,SSATTB,TRUE,,,Shelf,ESM
Service and strength  GL,Shaw,Martin,,SATB,TRUE,,,GL,
Set me as a seal,Walton,William,,SATB,FALSE,,,Shelf,AC420th
Seven amens,,,,SATB,TRUE,,,Cab 2 34B,
Shall we not love thee?,Lole,,,SATB,TRUE,,,Cab 2 20A,
Sheep may safely graze,Bach,Johann,Alan Bullard,V1(2),TRUE,,,Shelf,EFA
Shepherd boys song,Healey,,,SATB,TRUE,,,Shelf,CSB5
Shepherd music for lent holy week and easter,Shepherd,,,SATB,TRUE,,,Cab 2 34A,
Shepherd of souls,Collingwood,,Bate,SATB,TRUE,,,Shelf,MFHC
Shepherds cradle song,Leuner,Karl,,SATB,TRUE,,,Cab 2 88,
Shepherds pipe carol,Rutter,,,SATB,TRUE,,,Cab 2 C78,
Shew forth his praise,How,,,SATB,TRUE,,,Cab 1 58,
Shine Jesus shine,Kendrick,Graham,,SATB,TRUE,,,Shelf,SWAMS
Short communion service in D,Beck,,,SATB,TRUE,,,Shelf,MFHC
Shout for Joy,American spiritual,,Alan Bullard,V 1 2(3)(4),TRUE,,,Shelf,FA1
Sicut cervus,Palestrina,,,SATB,FALSE,,,Shelf,ESM
Silent night,Gruber,,Gag,SATB,TRUE,,,Cab 1 C4,
Silent night,Sargent,Malcolm,,SATB,TRUE,,,Cab 1 C4,
Since by man came death,Handel,,,SATB,TRUE,,,Cab 1 33,
Sing a merry song,How,,,SATB,TRUE,,,Cab 1 58,
Sing alleluia forth,Thiman,,,SATB,TRUE,,,Cab 1 111,
Sing alleluia to the Lord,Stassen,Linda,,SATB,TRUE,,,Shelf,SWAMS
Sing hey for the carpenter,Bell,,,SATB,TRUE,,,Cab 2 11A,
Sing joyfully unto God,Byrd,,,SATB,TRUE,,,Cab 2 73,
Sing lullaby,Basque Noel,,Pettman Edgar,SATB,TRUE,,,Cab 2 C84,
Sing my tongue,Shephard,,,SATB,TRUE,,,Shelf,AWTEFC
Sing of the harvest,Maunder,John,,S(A)(Men),TRUE,,,Shelf,EFA
Sing to the Lord of the harvest,Black,Leonard,,SATB,TRUE,,,Shelf,CSB2
Sing we to this merry company,15th century,,,SATB,TRUE,,,Cab 2 C96,
Six carols,Holland,Crossley,,SATB,TRUE,,,Shelf,
Sixth chandos anthem,Handel,,,SATB,TRUE,,,Shelf,
Siyahamba (we are marching),,,Weaver Geoff,S+D,TRUE,,,Shelf,E&EL2017
Sleepers wake a voice is calling,Mendelssohn,Felix,,SATB,TRUE,,,Shelf,RSCM Guildford fest
"Sleepers, wake!",Mendelssohn,,,SATB,TRUE,,,Shelf,AFC1
Solus ad victimam,Leighton,Kenneth,,SATB,TRUE,,,Shelf,AFC1
Somerset carol,Trad,,,SATB,TRUE,,,Cab 1 C16,
Song 44,Gibbons,Orlando,,SATB,FALSE,,,Shelf,AFC1
Song 46,Gibbons,Orlando,,SATB,FALSE,,,Shelf,AFC1
Sons of Jerusalem,Pitoni,,,SATB,TRUE,,,Shelf,SB10
Sound aloud his praise,How,,,SATB,TRUE,,,Cab 1 58,
Sovereign Lord,Anon,,,SATB,TRUE,,,Shelf,SWAMS
"Spirit of God, unseen as the wind",Trad Scottish,,A D Miller,V1(2),TRUE,,,Shelf,EFA
Spirit of the living God,Iverson,Daniel,,SATB,TRUE,,,Shelf,SWAMS
Spirit song,Wimber,Joan,,SATB,TRUE,,,Shelf,SWAMS
St Luke passion,Bach,,,SATB,TRUE,,,Shelf,
St Margaret's hymn,Headingley,,,SATB,TRUE,,,Cab 2 20,
St Mark sentence,Ball,Thalben,,SATB,TRUE,,,Cab 1 126,
Star Candles,Head,Michael,,SSA,TRUE,,,Cab 4,
Star of Wonder,Bullard,Alan,,S(A)(Men),TRUE,,,Shelf,FA1
Stars that shall be bright,Bullard,Alan,,V1(2),TRUE,,,Shelf,EFA
Still small voice,Asserjohn,Ian,,S(A)(T)(B),TRUE,,,Shelf,EFA
Subdue by thy goodness,Bach,,,SATB,TRUE,,,Shelf,CAB
Such love,Kendrick,Graham,,SATB,TRUE,,,Shelf,SWAMS
Super flumina,Palestrina,,,SATB,FALSE,,,Cab 4 10,
Surely thou hast tasted that the Lord is good,Rose,Bernard,,SATB,FALSE,,,Shelf,EAC1
Surrexit christus hodie,Scheidt,,,SATB,TRUE,,,Shelf,AWTEFC
Susanni,-,,OBC,SATB,TRUE,,,Cab 1 C37,
Sweet was the song,Ballett,,,SATB,TRUE,,,Cab 1 C35,
Sweet was the song,Terry,Paul,,SATB,TRUE,,,Cab 2 C79,
Sweet was the song,Ives,Grayston,,SATB,TRUE,,,Cab 2 C98,
Taiz Kyrie,Berthier,Jacques,,SATB,FALSE,,,Shelf,SHSJ
Taize music,Taize,,,SATB,TRUE,,,Cab 1 87,
Take this bread,McGuire,Barry,,SATB,TRUE,,,Shelf,SWAMS
Take up your cross the Saviour said,Lewis,Freeman,Rebecca Groom de Velde,S(A)(TB),TRUE,,,Shelf,EFA
Tantum ergo,De Severac,,,SATB,TRUE,,,Shelf,AWTEFC
Tarry no longer toward thine heritage,Harris,,,SATB,TRUE,,,Shelf,AUPS1
Te Deum laudamus,Ireland,John,,SATB,TRUE,,,Shelf,KoGKoP
Te deum laudamus,Stanford,,,SATB,TRUE,,,Cab 3 22,
Teach me O Lord,Attwood,Thomas,,SATB,TRUE,,,Cab 1 28,
Teach me thy way O Lord,Fox,,,SATB,TRUE,,,Shelf,FSB7
"Teach me, O Lord",Attwood,Thomas,,SATB,TRUE,,,Shelf,AFC1
Teach us good Lord,Nicholson,,,SATB,TRUE,,,Cab 1 116,
Ten thousand Reasons (bless the Lord),Redman,Matt,,S,TRUE,,,Shelf,E&EL2017
Terly terlow,Holst,,,SATB,TRUE,,,Cab 2 C80,
Thank you Jesus,Anon,,,SATB,TRUE,,,Shelf,SWAMS
Thank you Lord,Warren,Norman,,SATB,TRUE,,,Shelf,SWAMS
The angel gabriel,Basqe,,,SATB,TRUE,,,Cab 2 C81,
The birds,-,,OBC,SATB,TRUE,,,Cab 1 C36,
The call,Vaughan Williams,,,SATB,TRUE,,,Cab 4 7,
The call to wisdom,Todd,Will,,V1(2),TRUE,,,Shelf,EFA
The cherubic hymn,Glinka,Mikhail,,SATTBB,FALSE,,,Shelf,ESM
The cradle,-,,OBC,SATB,TRUE,,,Cab 1 C30,
The crown of roses,Tschaikowsky,,,SATB,TRUE,,,Cab 2 82,
The day draws on with golden light,Bairstow,,,SATB,TRUE,,,Shelf,CAB
The departed,Tone V/VII,,,SATB,FALSE,,,Cab 1 54A,
The easter song of praise,Shephard,,,SATB,TRUE,,,Shelf,AWTEFC
The eternal gates lift up,Tye,,,SATB,FALSE,,,Shelf,CSB2
The eternal gifts of Christ the King,Guidetti,,Henry Ley,S(A)(Men),TRUE,,,Shelf,FA1
The eyes of all  GL,Elvey,,,SATB,TRUE,,,Cab 1 78,
The Father's Love,Lole,Simon,,SS,TRUE,,,Shelf,EAC2
The feast of palms,Bullard,,,SATB,TRUE,,,Shelf,AWTEFC
The first Nowell,?,,,SATB,TRUE,,,Cab 1 C33,
The gentle shall come,Greene,,,SATB,TRUE,,,Shelf,AUPS
The golden carol,Vaughan Williams,,,SATB,TRUE,,,Cab 1 C21,
The hea'vns sing praises to God,Beethoven,Ludwig,Alan Bullard,S(A)(Men),TRUE,,,Shelf,FA1
The heavens are telling,Haydn,,,SATB,TRUE,,,Cab 2 83,
The heavens declare the creators glory,Beethoven,,,SATB,TRUE,,,Shelf,CAB
The holly and the ivy,Jaques,,,SATB,TRUE,,,Cab 2 C83,
The holly and the ivy,Walford Davies,,,SATB,TRUE,,,Cab 1 C8,
The hour cometh,?,,,SATB,TRUE,,,Cab 2 15,
The infant king,Basque Noel,,Woodward GR,SATB,TRUE,,,Cab 2 C84,
The king of love my shepherd is,,,Bairstow Edward,SATB,TRUE,,,Shelf,KoGKoP
The king shall rejoice,Handel,,,SATB,TRUE,,,Shelf,FCCU fest 1935
The kings new dawn,Milner,,,SATB,TRUE,,,Cab 2 6,
The lamb,Tavener,,,SATB,TRUE,,,Cab 4 5,
The lamentation,Bairstow,,,SATB,TRUE,,,Shelf,AWTEFC
The litany,Sarum,,,SATB,TRUE,,,Cab 2 9,
The litany,Tallis,,,SATB,TRUE,,,Cab 2 10,
The Lord ascendeth on high V(1),Praetorius,Michael,Timothy Morris,SATB,FALSE,,,Shelf,FA1
The Lord ascendeth on high V(2),Praetorius,Michael,Alan Bullard,V1(2),TRUE,,,Shelf,FA1
The Lord ascendeth up on high,Bach,Johann,Alan Bullard,S(A)(T)(B),TRUE,,,Shelf,EFA
The Lord bless you and keep you,Rutter,John,,SATB,TRUE,,,Shelf,EAC1
The Lord bless you and keep you,Bullard,Alan,,S(A)(Men),TRUE,,,Shelf,EFA
The Lord bless you and keep you,Rutter,John,,S(A)(Men),TRUE,,,Shelf,FA1
The Lord bless you and keep you,Rutter,,,SATB,TRUE,,,Cab 1 127,
The Lord hath been mindful,Wesley,,,SATB,TRUE,,,Cab 1 74,
The Lord is my shepherd,Wesley,,,SATB,TRUE,,,Shelf,CAB
The Lord is my shepherd,Berkeley,Lennox,,SATB,TRUE,,,Shelf,EAC1
The Lord is my shepherd,Berkeley,Lennox,,SATB,TRUE,,,Shelf,KoGKoP
The Lord is my shepherd,McFarlane,,,SATB,TRUE,,,GL,
The Lord is my shepherd,Schubert,,,SATB,TRUE,,,Cab 3 24,
The Lord is my shepherd,Blair,Hugh,,SS,TRUE,,,Cab 4,
The Lord is my shepherd,Schubert,Franz,Higgs,SS,TRUE,,,Cab 4,
The Lord our God almighty is King,Duffy,Philip,,SS,TRUE,,,Shelf,KoGKoP
The Lord will come,Tye,,,SATB,FALSE,,,Shelf,CSB4
The Lord's my Shepherd,Chilcott,Bob,,S(A)(Men),TRUE,,,Shelf,FA1
The Lord's prayer,Stone,Robert,,SATB,FALSE,,,Shelf,AFC1
The Lords prayer,Stone,Robert,,SATB,TRUE,,,Cab 2 87,
The oxen,Franchi,,,SATB,TRUE,,,Cab 2 C86,
The passion of Christ,Somervell,,,SATB,TRUE,,,Shelf,
The peace of God,Bullard,Alan,,S(A)(T)(B),TRUE,,,Shelf,FA1
The peace of the Lord,Guatemalan folk,,Bell John,SATB,TRUE,,,Cab 4 2,
The reproaches,Sanders,,,SATB,TRUE,,,Shelf,AWTEFC
The rose carol,Matthews,,,SATB,TRUE,,,Cab 2 C91,
The sacrifice of God,Shepherd,,,SATB,TRUE,,,-,
The seven joys,Lang,,,SATB,TRUE,,,Cab 2 C87,
The seven last words,Schultz,Heinrich,,SATB,TRUE,,,Shelf,
The shepherd boys song,Healey,Derek,,SATB,TRUE,,,Shelf,CSB5
The shepherds cradle song,Leuner,Karl,,SATB,TRUE,,,Cab 2 C88,
The songs of the righteous,Walford Davies,,,SATB,TRUE,,,Shelf,CAB
The sorrows of my heart,Boyce,,,SATB,TRUE,,,Shelf,CAB
The spacious firmament,Thiman,Eric,,SATB,TRUE,,,Cab 2 84,
The spirit of the Lord is upon me,Elgar,,,SATB,TRUE,,,Cab 2 82,
The strife is o'er,Ley,,,SATB,TRUE,,,Shelf,CAB
The strife is o'er,Ley,,,SATB,TRUE,,,Cab 1 6,
The sun shall be no more thy light,?,,,SATB,TRUE,,,Shelf,SB10
The three kings,Willan,,,SATB,TRUE,,,Cab 2 C89,
The true and living bread,Blackwell,David,,S(A)(Men),TRUE,,,Shelf,FA1
The truth from above,Vaughan Williams,,,SATB,TRUE,,,Cab 1 C6,
Thee we adore,Adap from plainchant,,,SATB,TRUE,,,Shelf,12EA
Thee we adore,Palestrina,,,SATB,FALSE,,,Shelf,CAB
Thee we adore,Holman,,,SATB,TRUE,,,Shelf,MFHC
Their bodies are buried in peace,Handel,,,SATB,TRUE,,,Shelf,Cab
There for we before him bending,Nicholson,,,SATB,TRUE,,,Shelf,MFHC
There for we before him bending,Vittoria,,,SATB,TRUE,,,Shelf,MFHC
There for we berfore him bending,Pearsall,,,SATB,FALSE,,,Shelf,MFHC
There is a redeemer,Greene,,,SATB,TRUE,,,Shelf,SWAMS
There is green hill,Chilcott,Bob,,S(A)(TB),TRUE,,,Shelf,EFA
There is no rose,Smith,Andrew,,V1(2),TRUE,,,Shelf,FA1
There is no rose,Anon,,Stevens John,SATB,TRUE,,,Cab 1 C39,
There's a place where the streets shine,Oakley,Paul,,Unison,TRUE,,,Shelf,SHSJ
These are they which follow the lamb,Goss,John,,SATB,TRUE,,,Shelf,AFC1
These hours,Cruft,Adrian,,SATB,TRUE,,,Cab 2 75,
Think of how God loves you,MacMillan,James,,SATB,FALSE,,,Shelf,SHSJ
This endris night,,,OBC,SATB,TRUE,,,Cab 1 C34,
This is the day,How,,,SATB,TRUE,,,Cab 1 58,
This is the hour of banquet,Coolinge,,Taylor,SATB,TRUE,,,Shelf,MFHC
This is the record of John,Gibbons,,,SATB,TRUE,,,Cab 2 27,
This joyful eastertide,Dutch carol,,Ledger,SATB,TRUE,,,Shelf,AWTEFC
This joyful Eastertide,Bullard,Alan,,V1(2),TRUE,,,Shelf,EFA
This joyful eastertide,Woodward,,,SATB,TRUE,,,Cab 1 8,
This joyful eastertide,Woodward,,Baker,SATB,TRUE,,,Cab 1 8,
Thou in thy mercy,Greene,,,SATB,TRUE,,,Shelf,AUPS2
Thou judge of quick and dead,Wesley,,,SATB,TRUE,,,Shelf,CAB
Thou judge of quick and dead,Wesley,,,SATB,TRUE,,,Shelf,FSB 1961/62
Thou knowest Lord,Purcell,,,SATB,TRUE,,,Shelf,CAB
Thou knowest Lord,Purcell,,,SATB,TRUE,,,Cab 1 43,
Thou Lord our refuge,Mendelssohn,,,SATB,TRUE,,,Shelf,CAB
Thou must leave,Berlioz,,,SATB,TRUE,,,Cab 2 C91,
Thou O God art praised,Corfe,,,SATB,TRUE,,,Cab 1 128,
Thou spreadst a table,Schutz,Heinrich,,SATB,TRUE,,,Shelf,MFHC
Thou visitest the earth,Greene,,,SATB,TRUE,,,Shelf,CAB
Thou visitest the earth,Greene,Maurice,,S(A)(Men),TRUE,,,Shelf,FA1
Thou visitest the earth,Greene,,,SATB,TRUE,,,Cab 1 9,
Thou wilt keep him in perfect peace,Wesley,,,SATB,TRUE,,,Shelf,CAB
Thou wilt keep him in perfect peace,Wesley,,,SATB,TRUE,,,Cab 2 77,
"Thou, O God, art praised in Sion",Hare,Ian,,SATB,TRUE,,,Shelf,AC420th
Though I speak,Bairstow,,,SATB,TRUE,,,Cab 4 19,
Three kings,Cornelius,,,SATB,TRUE,,,Cab 3 30,
Three kings,Williams,,,SATB,TRUE,,,Cab ? C26,
Three kings,Hopkins,,,SATB,TRUE,,,Cab 1 27,
Three kings are here,-,,OBC,SATB,TRUE,,,Cab 1 C26,
Through the day,Hymn for a virgin,Morley,Thomas,SATB,TRUE,,,Shelf,CSB3
Through the day,More,Philip,,SATB,TRUE,,,Cab 1 44,
Through the day,Morley,,,SATB,TRUE,,,Cab 1 44,
Thw wilderness,Wesley,,,SATB,TRUE,,,Shelf,
Timor et tremor,Lassus,Orlande,,SATB,FALSE,,,Shelf,ESM
To be a pilgrim,Burt,Nicholas,,S(A)(T)(B),TRUE,,,Shelf,FA1
To God enthroned in heaven,Proper Mode i melody,,,SATB,TRUE,,,Shelf,MFHC
To redeem a race forlorn,Woodward,,,SATB,TRUE,,,Cab 1 C74,
To the Lord sing songs,How,,,SATB,TRUE,,,Cab 1 58,
To thee O Lord GL,Coleman,,,SATB,TRUE,,,Cab 1 C21,
"To thee, O Lord",Rachmaninof,,,SATB,FALSE,,,Shelf,AFC1
To us this morn child is born,Woodward,,,SATB,TRUE,,,Cab 2 C74,
Tomorrow shall be my dancing day,,,Carter Andrew,SATB,TRUE,,,Shelf,RSCM Guildford fest
Torches,-,,OBC,SATB,TRUE,,,Cab 1 C26,
Torches,Joubert,,,SATB,TRUE,,,Cab 2 C92,
Touch the earth lightly,New Zealandw,,,SATB,TRUE,,,Cab 3 37,
Tres magi de gentibus,Lang,,,SATB,TRUE,,,Shelf,FSB3
Tres magi de gentibus,Lang,,,SATB,TRUE,,,Cab 1 C3,
Trinity Sunday,Wills,Arthur,,SATB,TRUE,,,Shelf,FSB9
Tu es petrus,Palestrina,,,SSATBB,FALSE,,,Shelf,ESM
"Turn back , O man",Holst,Gustav,,SATB,TRUE,,,Shelf,AC420th
Turn back O man,Holst,Gustav,,SATB,TRUE,,,Cab 2 25,
Turn thee again O Lord,Attwood,,,SATB,TRUE,,,Shelf,CAB
Turn thee again O Lord,Attwood,,,SATB,TRUE,,,Shelf,CSB2
Turn thee unto me O Lord,Boyce,,,SATB,TRUE,,,Shelf,CAB
Turn thy face from my sins,Attwood,,,SATB,TRUE,,,Shelf,12EA
Turn thy face from my sins,Attwood,,,SATB,TRUE,,,Shelf,CAB
Turn thy face from my sins,Attwood,,,SATB,TRUE,,,Cab 1 23,
Twas in a cave on Christmas morn,-,,Wood Charles,SATB,TRUE,,,Cab 2 C56,
Two psalms,Holst,,,SATB,TRUE,,,Cab 3,
Tyrolean cradle song,Trad,,,SATB,TRUE,,,Cab 2 C93,
Ubi Caritas,Duruf,Maurice,,SATB,TRUE,,,Shelf,KoGKoP
Unser lieben frauen traum,Reger,Max,,SATB,FALSE,,,Shelf,ESM
Unto us is born a son,Shaw,Martin,,SATB,TRUE,,,Cab 1 C11,
"Up, up! My heart! With gladness",Bach,,,SATB,TRUE,,,Shelf,AFC1
Veni Sancte Spiritus,Kelly,Bryan,,SSAATTBB,FALSE,,,Shelf,EAC1
"Verily, verily I say unto you",Tallis,Thomas,,SATB,TRUE,,,Shelf,AFC1
Verleih uns frieden,Mendelssohn,Felix,,SATB,TRUE,,,Shelf,ESM
Very bread good shepherd tend us,Marchant,,,SATB,TRUE,,,Shelf,MFHC
Very bread good shepherd tend us,Palestrina,,,SATB,FALSE,,,Shelf,MFHC
Victim divine thy grace we claim,King,Robert,,SATB,TRUE,,,Shelf,MFHC
Victim divine thy grace we clain,Hutchings,,,SATB,TRUE,,,Shelf,MFHC
Virga jesse,Bruckner,,,SATB,TRUE,,,Cab 2 78,
Virgin born we bow before thee,Bourgeois,,,SATB,TRUE,,,Shelf,12EA
Viri galilaei,Gowers,,,SATB,TRUE,,,Cab 1 130,
Vox Dei,Wilby,Philip,,SSAATTBB (div),FALSE,,,Shelf,EAC1
Vox ultima crucis,Harris,,,SATB,TRUE,,,Shelf,AUPS
Wake my heart,Bach,,,SATB,TRUE,,,Shelf,AUPS1
Warum ist da licht gegeben dem muhseligen?,Brahms,Johannes,,SSATBB,FALSE,,,Shelf,ESM
Wash me throughly from my wickedness,Wesley,,,SATB,TRUE,,,Shelf,AWTEFC
Wash me throughly from my wickedness,Wesley,,,SATB,TRUE,,,Shelf,CAB
Wash me throughly from my wickedness,Wesley,,,SATB,TRUE,,,Cab 3 33,
We adore thee Lord Jesus,Palestrina,,,SATB,FALSE,,,Shelf,God so love the world
We adore thee O Christ,Lasso,,,SATB,TRUE,,,Shelf,MFHC
We are here to praise you,Kendrick,Graham,,SATB,TRUE,,,Shelf,SWAMS
"we give thee thanks, O Lord",Moore,Philip,,Unison,TRUE,,,Shelf,E&EL2017
We love the place,Brahms,,,SATB,TRUE,,,Shelf,CAB
We love the place O God,Wright,Paul leddington,,S(A)(T)(B),TRUE,,,Shelf,EFA
We three kings,Hopkins,,,SATB,TRUE,,,Cab 1 27,
We three kings,Stainer,,,SATB,TRUE,,,Cab 1 27,
We wait for thy loving Kindness,Mckie,William,,SATB,TRUE,,,Shelf,AC420th
Wedding responses,?,,,SATB,TRUE,,,Cab 2 17,
Welcome,Cruft,Adrian,,SATB,TRUE,,,Cab 2 C49,
Were you there,Spiritual,,Chilcott,SATB,TRUE,,,Shelf,AWTEFC
What child is this,Trad,,,SATB,TRUE,,,Cab 1 C16,
What wondrous love,,,Moore  Philip,SSA,TRUE,,,Shelf,KoGKoP
When Christ was born,Terry,Paul,,SATB,TRUE,,,Cab 2 C95,
When David heard,Tomkins,,,SATB,FALSE,,,Cab 3 32,
When I look into your holiness,Perrin,Cathy,,SATB,TRUE,,,Shelf,SWAMS
When Jesus our Lord was born,Mendelssohn,,,SATB,TRUE,,,Shelf,CAB
When to the temple Mary went,Eccard,,,SATB,TRUE,,,Shelf,CAB
When to the temple Mary went,Eccard,,,SATB,TRUE,,,Cab 1 77,
Whence is that goodly fragrance,Baker,,,SATB,TRUE,,,Shelf,CAB
Whence is that goodly fragrance flowing,Old French Carol,,Baker,SATB,TRUE,,,Shelf,AUPS2
Where all charity and love are (Ubi Caritas),Antiphon for Maundy,,,V 1 2,TRUE,,,Shelf,FA1
Where you there,American spiritual,,Hunt Peter,V 1(2 )(3),TRUE,,,Shelf,FA1
Wherefore O father,Bullock,,,SATB,TRUE,,,Shelf,MFHC
Who can express,Wesley,,,SATB,TRUE,,,Shelf,AUPS2
Who thanks offers kantate 17,Bach,,,SATB,TRUE,,,Shelf,
Will you come and follow me,Trad,,Bell/Maule,SATB,TRUE,,,Cab 4 1,
Wise men seeking Jesus,Willcocks,Jonathan,,S(A)(Men),TRUE,,,Shelf,EFA
With angels food,Harfood,,,SATB,TRUE,,,Shelf,MFHC
With cheerful notes,Handel,,,SATB,TRUE,,,Shelf,FSB 1961/62
With my heart I worship you,Warren,Norman,,SATB,TRUE,,,Shelf,SWAMS
Withers rocking hymn,Vaughan Williams,,,SATB,TRUE,,,Cab 1 C21,
Worship the Lord,How,Martin,,SATB,TRUE,,,Cab 1 58,
Xhosa Magnificat,Davey,James,,SATB,TRUE,,,Shelf,E&EL2017
Ye choirs of new Jerusalem,Stanford,,,SATB,TRUE,,,Shelf,AFC1
Ye choirs of new Jerusalem,Stanford,,,SATB,TRUE,,,Shelf,AWTEFC
Ye choirs of new Jerusalem,Shephard,Richard,,SATB (div),TRUE,,,Shelf,EAC1
Ye choirs of new Jerusalem,Stanford,,,SATB,TRUE,,,Cab 1 106,
Ye servants of th'all bonteous Lord,Webbe,Samuel,,SATB,TRUE,,,Shelf,12EA
Ye shall dwell in the land,Stainer,,,SATB,TRUE,,,Cab 2 88,
Ye that do your masters will,Gibbons,Orlando,,SATB,TRUE,,,Shelf,CAB
Ye watchers and ye holy ones,Oldroyd,,,SATB,TRUE,,,Shelf,CSB4
Ye watchers and ye holy ones,Oldroyd,,,SATB,TRUE,,,Cab 1 20,
You are the king of glory,Ford,Mavis,,SATB,TRUE,,,Shelf,SWAMS
You have changed my sadness,Warren,Norman,,SATB,TRUE,,,Shelf,SWAMS
,,,,V1(2),TRUE,,,Shelf,EFA
,,,,,,,,,
,,,,,,,,,
,-,,,SATB,TRUE,,,Cab 2 20,
,-,,,SATB,TRUE,,,Cab 1 86,